message_id,subject,received_date,status,error_log,created_at,updated_at,source_file,so_number,block_code,block_reason,stage,conversation_id,attachments,sender_email
AAMkAGEzNTJjNTY1LTAxZjctNGU1My04ZDFkLTBkMTJlZGE0YTUzMwBGAAAAAAC7qJY7ZJJBT5IP79n-R0j-BwCJ1AznZ0-uRrG_5NNdUHgAAABL8we5AACJ1AznZ0-uRrG_5NNdUHgAAACB-QmoAAA=,new po ,2026-07-29T10:27:37Z,PENDING,,2026-07-29 10:28:48,2026-07-29 10:28:48,,,,,1,AAQkAGEzNTJjNTY1LTAxZjctNGU1My04ZDFkLTBkMTJlZGE0YTUzMwAQAP4LCiDSbMpDh-6c10Igj0k=,"I34-580_AAMkAGEz.pdf,I34-581_AAMkAGEz.pdf,I34-576_AAMkAGEz.pdf,I34-577_AAMkAGEz.pdf,I34-578_AAMkAGEz.pdf,I34-579_AAMkAGEz.pdf",
AAMkAGEzNTJjNTY1LTAxZjctNGU1My04ZDFkLTBkMTJlZGE0YTUzMwBGAAAAAAC7qJY7ZJJBT5IP79n-R0j-BwCJ1AznZ0-uRrG_5NNdUHgAAABL8we5AACJ1AznZ0-uRrG_5NNdUHgAAACB-QmnAAA=,new po ,2026-07-29T08:46:34Z,PENDING,,2026-07-29 08:48:09,2026-07-29 08:48:09,,,,,1,AAQkAGEzNTJjNTY1LTAxZjctNGU1My04ZDFkLTBkMTJlZGE0YTUzMwAQAE0k9BqPQgRFiTGg8GnuVHg=,"Purchase order _ 849474 - ENVALIOR DEUTSCHLAND BE.pdf,Purchase order _ 849474 - ENVALIOR DEUTSCHLAND BE_AAMkAGEz.pdf",
AAMkAGEzNTJjNTY1LTAxZjctNGU1My04ZDFkLTBkMTJlZGE0YTUzMwBGAAAAAAC7qJY7ZJJBT5IP79n-R0j-BwCJ1AznZ0-uRrG_5NNdUHgAAABL8we5AACJ1AznZ0-uRrG_5NNdUHgAAACB-QmmAAA=,UAT ASOS Scenario 2,2026-07-29T08:04:17Z,PENDING,,2026-07-29 08:05:45,2026-07-29 08:05:45,,,,,1,AAQkAGEzNTJjNTY1LTAxZjctNGU1My04ZDFkLTBkMTJlZGE0YTUzMwAQAEvaytw7N0aqqRdn-v1k3zg=,"body_AAMkAGEz_UAT ASOS Scenario 2.txt,image001_AAMkAGEz.png",
AAMkAGEzNTJjNTY1LTAxZjctNGU1My04ZDFkLTBkMTJlZGE0YTUzMwBGAAAAAAC7qJY7ZJJBT5IP79n-R0j-BwCJ1AznZ0-uRrG_5NNdUHgAAABL8we5AACJ1AznZ0-uRrG_5NNdUHgAAACB-QmlAAA=,UAT ASOS Scenario 3,2026-07-29T08:04:46Z,PENDING,,2026-07-29 08:05:34,2026-07-29 08:05:34,,,,,1,AAQkAGEzNTJjNTY1LTAxZjctNGU1My04ZDFkLTBkMTJlZGE0YTUzMwAQAOQTpp6t8EVmidTjta_lSRo=,"body_AAMkAGEz_UAT ASOS Scenario 3.txt,image001_AAMkAGEz.png",
AAMkAGEzNTJjNTY1LTAxZjctNGU1My04ZDFkLTBkMTJlZGE0YTUzMwBGAAAAAAC7qJY7ZJJBT5IP79n-R0j-BwCJ1AznZ0-uRrG_5NNdUHgAAABL8we5AACJ1AznZ0-uRrG_5NNdUHgAAACB-QmkAAA=,ASOS Test Scenario 1,2026-07-29T07:48:57Z,PENDING,,2026-07-29 07:50:38,2026-07-29 07:50:38,,,,,1,AAQkAGEzNTJjNTY1LTAxZjctNGU1My04ZDFkLTBkMTJlZGE0YTUzMwAQALos7BBD50fWnW9d8VY2lGE=,"ASOS Test Scenario 1.pdf,image001_AAMkAGEz.png,ASOS Test Scenario 1_AAMkAGEz.pdf",
AAMkAGEzNTJjNTY1LTAxZjctNGU1My04ZDFkLTBkMTJlZGE0YTUzMwBGAAAAAAC7qJY7ZJJBT5IP79n-R0j-BwCJ1AznZ0-uRrG_5NNdUHgAAABL8we5AACJ1AznZ0-uRrG_5NNdUHgAAACB-QmjAAA=,ASOS Test Scenario 1,2026-07-29T07:41:26Z,PENDING,,2026-07-29 07:42:21,2026-07-29 07:42:21,,,,,1,AAQkAGEzNTJjNTY1LTAxZjctNGU1My04ZDFkLTBkMTJlZGE0YTUzMwAQAC3ByPy5qUyOsJLARZ8iiJU=,"body_AAMkAGEz_ASOS Test Scenario 1.txt,image001_AAMkAGEz.png",
AAMkAGEzNTJjNTY1LTAxZjctNGU1My04ZDFkLTBkMTJlZGE0YTUzMwBGAAAAAAC7qJY7ZJJBT5IP79n-R0j-BwCJ1AznZ0-uRrG_5NNdUHgAAABL8we5AACJ1AznZ0-uRrG_5NNdUHgAAACB-QmgAAA=,PO,2026-07-29T01:30:34Z,PENDING,,2026-07-29 06:43:48,2026-07-29 06:43:48,,,,,1,AAQkAGEzNTJjNTY1LTAxZjctNGU1My04ZDFkLTBkMTJlZGE0YTUzMwAQADyYaUx3Z0SmpFER6j-IPHQ=,"TYNPOD20260317002_20260728065956.816_X.pdf,image001_AAMkAGEz.png,TYNPOD20260317002_20260728065956.816_X_AAMkAGEz.pdf",
AAMkAGEzNTJjNTY1LTAxZjctNGU1My04ZDFkLTBkMTJlZGE0YTUzMwBGAAAAAAC7qJY7ZJJBT5IP79n-R0j-BwCJ1AznZ0-uRrG_5NNdUHgAAABL8we5AACJ1AznZ0-uRrG_5NNdUHgAAACB-QmfAAA=,PO,2026-07-29T01:30:46Z,PENDING,,2026-07-29 06:40:27,2026-07-29 06:40:27,,,,,1,AAQkAGEzNTJjNTY1LTAxZjctNGU1My04ZDFkLTBkMTJlZGE0YTUzMwAQANboR38w5kyvhIbEpH9bn20=,"TYNPOD20260320001_20260728070042.596_X.pdf,image001.png,TYNPOD20260320001_20260728070042.596_X_AAMkAGEz.pdf,image001_AAMkAGEz.png",
AAMkAGEzNTJjNTY1LTAxZjctNGU1My04ZDFkLTBkMTJlZGE0YTUzMwBGAAAAAAC7qJY7ZJJBT5IP79n-R0j-BwCJ1AznZ0-uRrG_5NNdUHgAAABL8we5AACJ1AznZ0-uRrG_5NNdUHgAAACAdAmUAAA=,FW: ENVALIOR SINGAPORE PTE. LTD. New Order 121020153848,2026-07-28T12:59:52Z,PENDING,,2026-07-28 13:00:46,2026-07-28 13:00:46,,,,,1,AAQkAGEzNTJjNTY1LTAxZjctNGU1My04ZDFkLTBkMTJlZGE0YTUzMwAQAHVmE48Iyf1Hms6zhvC71g4=,"1946d8e6-ae6d-4aee-8dc1-2d80ce27e7c9.pdf,1946d8e6-ae6d-4aee-8dc1-2d80ce27e7c9_AAMkAGEz.pdf",
AAMkAGEzNTJjNTY1LTAxZjctNGU1My04ZDFkLTBkMTJlZGE0YTUzMwBGAAAAAAC7qJY7ZJJBT5IP79n-R0j-BwCJ1AznZ0-uRrG_5NNdUHgAAABL8we5AACJ1AznZ0-uRrG_5NNdUHgAAACAdAmTAAA=,Undeliverable: [PO Exception - UNKNOWN] AI Processing Failed — general-terms-and-conditions-of-purchase_mcg-emea-en_aamkagez.pdf,2026-07-28T10:09:09Z,PENDING,,2026-07-28 10:11:24,2026-07-28 10:11:24,,,,,1,AAQkAGEzNTJjNTY1LTAxZjctNGU1My04ZDFkLTBkMTJlZGE0YTUzMwAQAANw37DOSRRHhFET-NfbjWY=,"[PO Exception - UNKNOWN] AI Processing Failed — general-terms-and-conditions-of-purchase_mcg-emea-en_aamkagez.pdf.eml,[PO Exception - UNKNOWN] AI Processing Failed — general-terms-and-conditions-of-purchase_mcg-emea-en_aamkagez.pdf_AAMkAGEz.eml",
AAMkAGEzNTJjNTY1LTAxZjctNGU1My04ZDFkLTBkMTJlZGE0YTUzMwBGAAAAAAC7qJY7ZJJBT5IP79n-R0j-BwCJ1AznZ0-uRrG_5NNdUHgAAABL8we5AACJ1AznZ0-uRrG_5NNdUHgAAACAdAmSAAA=,Undeliverable: [PO Exception - UNKNOWN] AI Processing Failed — general-terms-and-conditions-of-purchase_mcg-emea-en.pdf,2026-07-28T10:09:09Z,PENDING,,2026-07-28 10:11:17,2026-07-28 10:11:17,,,,,1,AAQkAGEzNTJjNTY1LTAxZjctNGU1My04ZDFkLTBkMTJlZGE0YTUzMwAQAHPd2FvL6KVPoodrxjE-i7Q=,"[PO Exception - UNKNOWN] AI Processing Failed — general-terms-and-conditions-of-purchase_mcg-emea-en.pdf.eml,[PO Exception - UNKNOWN] AI Processing Failed — general-terms-and-conditions-of-purchase_mcg-emea-en.pdf_AAMkAGEz.eml",
AAMkAGEzNTJjNTY1LTAxZjctNGU1My04ZDFkLTBkMTJlZGE0YTUzMwBGAAAAAAC7qJY7ZJJBT5IP79n-R0j-BwCJ1AznZ0-uRrG_5NNdUHgAAABL8we5AACJ1AznZ0-uRrG_5NNdUHgAAACAdAmKAAA=,"Christian 20 - 6 POs attached, POs in ES language",2026-07-28T08:09:01Z,PENDING,,2026-07-28 10:09:26,2026-07-28 10:09:26,,,,,1,AAQkAGEzNTJjNTY1LTAxZjctNGU1My04ZDFkLTBkMTJlZGE0YTUzMwAQAP2Nmwaa-U-gmjOW3hizRMo=,"body_AAMkAGEz_Christian 20 - 6 POs attached,POs in ES language.txt,I34-576.pdf,I34-577.pdf,I34-578.pdf,I34-579.pdf,I34-580.pdf,I34-581.pdf,body_AAMkAGEz_Christian 20 - 6 POs attached,POs in ES language.txt,I34-576_AAMkAGEz.pdf,I34-577_AAMkAGEz.pdf,I34-578_AAMkAGEz.pdf,I34-579_AAMkAGEz.pdf,I34-580_AAMkAGEz.pdf,I34-581_AAMkAGEz.pdf,body_AAMkAGEz_Christian 20 - 6 POs attached,POs in ES language.txt,body_AAMkAGEz_Christian 20 - 6 POs attached,POs in ES language.txt,body_AAMkAGEz_Christian 20 - 6 POs attached,POs in ES language.txt,body_AAMkAGEz_Christian 20 - 6 POs attached,POs in ES language.txt,body_AAMkAGEz_Christian 20 - 6 POs attached,POs in ES language.txt,body_AAMkAGEz_Christian 20 - 6 POs attached,POs in ES language.txt,body_AAMkAGEz_Christian 20 - 6 POs attached,POs in ES language.txt,body_AAMkAGEz_Christian 20 - 6 POs attached,POs in ES language.txt,body_AAMkAGEz_Christian 20 - 6 POs attached,POs in ES language.txt,body_AAMkAGEz_Christian 20 - 6 POs attached,POs in ES language.txt,body_AAMkAGEz_Christian 20 - 6 POs attached,POs in ES language.txt,body_AAMkAGEz_Christian 20 - 6 POs attached,POs in ES language.txt,body_AAMkAGEz_Christian 20 - 6 POs attached,POs in ES language.txt,body_AAMkAGEz_Christian 20 - 6 POs attached,POs in ES language.txt,body_AAMkAGEz_Christian 20 - 6 POs attached,POs in ES language.txt,body_AAMkAGEz_Christian 20 - 6 POs attached,POs in ES language.txt,body_AAMkAGEz_Christian 20 - 6 POs attached,POs in ES language.txt,body_AAMkAGEz_Christian 20 - 6 POs attached,POs in ES language.txt,body_AAMkAGEz_Christian 20 - 6 POs attached,POs in ES language.txt,body_AAMkAGEz_Christian 20 - 6 POs attached,POs in ES language.txt,body_AAMkAGEz_Christian 20 - 6 POs attached,POs in ES language.txt,body_AAMkAGEz_Christian 20 - 6 POs attached,POs in ES language.txt,body_AAMkAGEz_Christian 20 - 6 POs attached,POs in ES language.txt,body_AAMkAGEz_Christian 20 - 6 POs attached,POs in ES language.txt,body_AAMkAGEz_Christian 20 - 6 POs attached,POs in ES language.txt,body_AAMkAGEz_Christian 20 - 6 POs attached,POs in ES language.txt,body_AAMkAGEz_Christian 20 - 6 POs attached,POs in ES language.txt,body_AAMkAGEz_Christian 20 - 6 POs attached,POs in ES language.txt,body_AAMkAGEz_Christian 20 - 6 POs attached,POs in ES language.txt,body_AAMkAGEz_Christian 20 - 6 POs attached,POs in ES language.txt,body_AAMkAGEz_Christian 20 - 6 POs attached,POs in ES language.txt,body_AAMkAGEz_Christian 20 - 6 POs attached,POs in ES language.txt,body_AAMkAGEz_Christian 20 - 6 POs attached,POs in ES language.txt,body_AAMkAGEz_Christian 20 - 6 POs attached,POs in ES language.txt,body_AAMkAGEz_Christian 20 - 6 POs attached,POs in ES language.txt,body_AAMkAGEz_Christian 20 - 6 POs attached,POs in ES language.txt,body_AAMkAGEz_Christian 20 - 6 POs attached,POs in ES language.txt,body_AAMkAGEz_Christian 20 - 6 POs attached,POs in ES language.txt,body_AAMkAGEz_Christian 20 - 6 POs attached,POs in ES language.txt,body_AAMkAGEz_Christian 20 - 6 POs attached,POs in ES language.txt,body_AAMkAGEz_Christian 20 - 6 POs attached,POs in ES language.txt,body_AAMkAGEz_Christian 20 - 6 POs attached,POs in ES language.txt,body_AAMkAGEz_Christian 20 - 6 POs attached,POs in ES language.txt,body_AAMkAGEz_Christian 20 - 6 POs attached,POs in ES language.txt,body_AAMkAGEz_Christian 20 - 6 POs attached,POs in ES language.txt,body_AAMkAGEz_Christian 20 - 6 POs attached,POs in ES language.txt,body_AAMkAGEz_Christian 20 - 6 POs attached,POs in ES language.txt,body_AAMkAGEz_Christian 20 - 6 POs attached,POs in ES language.txt,body_AAMkAGEz_Christian 20 - 6 POs attached,POs in ES language.txt,body_AAMkAGEz_Christian 20 - 6 POs attached,POs in ES language.txt,body_AAMkAGEz_Christian 20 - 6 POs attached,POs in ES language.txt,body_AAMkAGEz_Christian 20 - 6 POs attached,POs in ES language.txt,body_AAMkAGEz_Christian 20 - 6 POs attached,POs in ES language.txt,body_AAMkAGEz_Christian 20 - 6 POs attached,POs in ES language.txt,body_AAMkAGEz_Christian 20 - 6 POs attached,POs in ES language.txt,body_AAMkAGEz_Christian 20 - 6 POs attached,POs in ES language.txt,body_AAMkAGEz_Christian 20 - 6 POs attached,POs in ES language.txt,body_AAMkAGEz_Christian 20 - 6 POs attached,POs in ES language.txt,body_AAMkAGEz_Christian 20 - 6 POs attached,POs in ES language.txt,body_AAMkAGEz_Christian 20 - 6 POs attached,POs in ES language.txt,body_AAMkAGEz_Christian 20 - 6 POs attached,POs in ES language.txt,body_AAMkAGEz_Christian 20 - 6 POs attached,POs in ES language.txt,body_AAMkAGEz_Christian 20 - 6 POs attached,POs in ES language.txt,body_AAMkAGEz_Christian 20 - 6 POs attached,POs in ES language.txt,body_AAMkAGEz_Christian 20 - 6 POs attached,POs in ES language.txt,body_AAMkAGEz_Christian 20 - 6 POs attached,POs in ES language.txt,body_AAMkAGEz_Christian 20 - 6 POs attached,POs in ES language.txt,body_AAMkAGEz_Christian 20 - 6 POs attached,POs in ES language.txt,body_AAMkAGEz_Christian 20 - 6 POs attached,POs in ES language.txt,body_AAMkAGEz_Christian 20 - 6 POs attached,POs in ES language.txt,body_AAMkAGEz_Christian 20 - 6 POs attached,POs in ES language.txt,body_AAMkAGEz_Christian 20 - 6 POs attached,POs in ES language.txt,body_AAMkAGEz_Christian 20 - 6 POs attached,POs in ES language.txt,body_AAMkAGEz_Christian 20 - 6 POs attached,POs in ES language.txt,body_AAMkAGEz_Christian 20 - 6 POs attached,POs in ES language.txt,body_AAMkAGEz_Christian 20 - 6 POs attached,POs in ES language.txt,body_AAMkAGEz_Christian 20 - 6 POs attached,POs in ES language.txt,body_AAMkAGEz_Christian 20 - 6 POs attached,POs in ES language.txt,body_AAMkAGEz_Christian 20 - 6 POs attached,POs in ES language.txt,body_AAMkAGEz_Christian 20 - 6 POs attached,POs in ES language.txt,body_AAMkAGEz_Christian 20 - 6 POs attached,POs in ES language.txt,body_AAMkAGEz_Christian 20 - 6 POs attached,POs in ES language.txt,body_AAMkAGEz_Christian 20 - 6 POs attached,POs in ES language.txt,body_AAMkAGEz_Christian 20 - 6 POs attached,POs in ES language.txt,body_AAMkAGEz_Christian 20 - 6 POs attached,POs in ES language.txt,body_AAMkAGEz_Christian 20 - 6 POs attached,POs in ES language.txt,body_AAMkAGEz_Christian 20 - 6 POs attached,POs in ES language.txt,body_AAMkAGEz_Christian 20 - 6 POs attached,POs in ES language.txt,body_AAMkAGEz_Christian 20 - 6 POs attached,POs in ES language.txt,body_AAMkAGEz_Christian 20 - 6 POs attached,POs in ES language.txt,body_AAMkAGEz_Christian 20 - 6 POs attached,POs in ES language.txt",
AAMkAGEzNTJjNTY1LTAxZjctNGU1My04ZDFkLTBkMTJlZGE0YTUzMwBGAAAAAAC7qJY7ZJJBT5IP79n-R0j-BwCJ1AznZ0-uRrG_5NNdUHgAAABL8we5AACJ1AznZ0-uRrG_5NNdUHgAAACAdAmRAAA=,NEW po ,2026-07-28T08:57:42Z,PENDING_STAGE2,,2026-07-28 08:58:23,2026-07-28 10:09:20,460031761 pocan bf4239-700350 s103 (3)_aamkagez.pdf,,,,1,AAQkAGEzNTJjNTY1LTAxZjctNGU1My04ZDFkLTBkMTJlZGE0YTUzMwAQACO0RkEO3n9AuXcSIFbd6KU=,"460031761 POCAN BF4239-700350 S103 (3).pdf,460031761 POCAN BF4239-700350 S103 (3)_AAMkAGEz.pdf",
AAMkAGEzNTJjNTY1LTAxZjctNGU1My04ZDFkLTBkMTJlZGE0YTUzMwBGAAAAAAC7qJY7ZJJBT5IP79n-R0j-BwCJ1AznZ0-uRrG_5NNdUHgAAABL8we5AACJ1AznZ0-uRrG_5NNdUHgAAACAdAmQAAA=,NEW PO ,2026-07-28T08:58:07Z,FOLDER_MOVED,,2026-07-28 08:58:17,2026-07-28 10:09:20,450012469 pocan (2).pdf,,,,1,AAQkAGEzNTJjNTY1LTAxZjctNGU1My04ZDFkLTBkMTJlZGE0YTUzMwAQAIlcNwxVYjpKnrwWilDFwD4=,"450012469 Pocan (2).pdf,450012469 Pocan (2)_AAMkAGEz.pdf",
AAMkAGEzNTJjNTY1LTAxZjctNGU1My04ZDFkLTBkMTJlZGE0YTUzMwBGAAAAAAC7qJY7ZJJBT5IP79n-R0j-BwCJ1AznZ0-uRrG_5NNdUHgAAABL8we5AACJ1AznZ0-uRrG_5NNdUHgAAACAdAmPAAA=,new po ,2026-07-28T08:19:53Z,PENDING_STAGE2,,2026-07-28 08:20:38,2026-07-28 10:09:19,purchase order  (11923197) (1).pdf,,,,1,AAQkAGEzNTJjNTY1LTAxZjctNGU1My04ZDFkLTBkMTJlZGE0YTUzMwAQAAQ5flz4fsZClPimKgUAueo=,"Purchase Order  (11923197) (1).pdf,Purchase Order  (11923197) (1)_AAMkAGEz.pdf",
AAMkAGEzNTJjNTY1LTAxZjctNGU1My04ZDFkLTBkMTJlZGE0YTUzMwBGAAAAAAC7qJY7ZJJBT5IP79n-R0j-BwCJ1AznZ0-uRrG_5NNdUHgAAABL8we5AACJ1AznZ0-uRrG_5NNdUHgAAACAdAmOAAA=,NEW PO ,2026-07-28T08:19:56Z,PENDING_STAGE2,,2026-07-28 08:20:32,2026-07-28 10:09:19,purchase order  (11750120) (1)_aamkagez.pdf,,,,1,AAQkAGEzNTJjNTY1LTAxZjctNGU1My04ZDFkLTBkMTJlZGE0YTUzMwAQAHC41353xMhGn5LQQ0AgD3w=,"Purchase Order  (11750120) (1).pdf,Purchase Order  (11750120) (1)_AAMkAGEz.pdf",
AAMkAGEzNTJjNTY1LTAxZjctNGU1My04ZDFkLTBkMTJlZGE0YTUzMwBGAAAAAAC7qJY7ZJJBT5IP79n-R0j-BwCJ1AznZ0-uRrG_5NNdUHgAAABL8we5AACJ1AznZ0-uRrG_5NNdUHgAAACAdAmJAAA=,NEW PO ,2026-07-28T08:09:02Z,FOLDER_MOVED,,2026-07-28 08:13:42,2026-07-28 10:09:19,no_po_attachment,,,,1,AAQkAGEzNTJjNTY1LTAxZjctNGU1My04ZDFkLTBkMTJlZGE0YTUzMwAQAH2iaDwGbJ5NmxgxROuCfuQ=,,
AAMkAGEzNTJjNTY1LTAxZjctNGU1My04ZDFkLTBkMTJlZGE0YTUzMwBGAAAAAAC7qJY7ZJJBT5IP79n-R0j-BwCJ1AznZ0-uRrG_5NNdUHgAAABL8we5AACJ1AznZ0-uRrG_5NNdUHgAAACAdAmIAAA=,"Christian 19 - PO in DE language, Z01 activated in Customer grp 2",2026-07-28T08:02:49Z,FOLDER_MOVED,,2026-07-28 08:03:56,2026-07-28 10:09:18,roechlinglogosmall_ccbeb529-79c3-4c88-8853-dd677b26535e.png,,,,1,AAQkAGEzNTJjNTY1LTAxZjctNGU1My04ZDFkLTBkMTJlZGE0YTUzMwAQACZZb5YB-0qfqzEZN6uXEhs=,"roechlinglogosmall_ccbeb529-79c3-4c88-8853-dd677b26535e.png,Bestellung-71261759.pdf,roechlinglogosmall_ccbeb529-79c3-4c88-8853-dd677b26535e_AAMkAGEz.png,Bestellung-71261759_AAMkAGEz.pdf",
AAMkAGEzNTJjNTY1LTAxZjctNGU1My04ZDFkLTBkMTJlZGE0YTUzMwBGAAAAAAC7qJY7ZJJBT5IP79n-R0j-BwCJ1AznZ0-uRrG_5NNdUHgAAABL8we5AACJ1AznZ0-uRrG_5NNdUHgAAACAdAmHAAA=,"Christian 18 - Customer in Sales orgs 2540 and 2545, PO in IT language",2026-07-28T07:57:11Z,PENDING_STAGE2,,2026-07-28 07:59:22,2026-07-28 10:09:18,envalior - ord. 933.26_aamkagez.pdf,,,,1,AAQkAGEzNTJjNTY1LTAxZjctNGU1My04ZDFkLTBkMTJlZGE0YTUzMwAQACefHcHSz0ijm9xJeLIsFE0=,"ENVALIOR - ORD. 933.26.PDF,ENVALIOR - ORD. 933.26_AAMkAGEz.PDF",
AAMkAGEzNTJjNTY1LTAxZjctNGU1My04ZDFkLTBkMTJlZGE0YTUzMwBGAAAAAAC7qJY7ZJJBT5IP79n-R0j-BwCJ1AznZ0-uRrG_5NNdUHgAAABL8we5AACJ1AznZ0-uRrG_5NNdUHgAAACAdAmGAAA=,NEW PO ,2026-07-28T07:50:57Z,FOLDER_MOVED,,2026-07-28 07:54:56,2026-07-28 10:09:17,import_po_m01y-010-05326009 (1)_aamkagez.pdf,,,,1,AAQkAGEzNTJjNTY1LTAxZjctNGU1My04ZDFkLTBkMTJlZGE0YTUzMwAQAABR5k1UJ65DvPZSmOBI-oA=,"IMPORT_PO_M01Y-010-05326009 (1).pdf,IMPORT_PO_M01Y-010-05326009 (1)_AAMkAGEz.pdf",
AAMkAGEzNTJjNTY1LTAxZjctNGU1My04ZDFkLTBkMTJlZGE0YTUzMwBGAAAAAAC7qJY7ZJJBT5IP79n-R0j-BwCJ1AznZ0-uRrG_5NNdUHgAAABL8we5AACJ1AznZ0-uRrG_5NNdUHgAAACAdAmFAAA=,"Christian 17 - Customer in Sales orgs 2540 and 2545, deviating Ship-to",2026-07-28T07:47:27Z,PENDING_STAGE2,,2026-07-28 07:51:00,2026-07-28 10:09:17,purchase order  (11965102)_aamkagez.pdf,,,,1,AAQkAGEzNTJjNTY1LTAxZjctNGU1My04ZDFkLTBkMTJlZGE0YTUzMwAQAId44IDRSEwuoyvrw-xPRKM=,"body_AAMkAGEz_Christian 17 - Customer in Sales orgs 2540 and 2545,deviating Ship-to.txt,image001_AAMkAGEz.png,image002.png,Purchase Order  (11965102).pdf,body_AAMkAGEz_Christian 17 - Customer in Sales orgs 2540 and 2545,deviating Ship-to.txt,image002_AAMkAGEz.png,Purchase Order  (11965102)_AAMkAGEz.pdf,body_AAMkAGEz_Christian 17 - Customer in Sales orgs 2540 and 2545,deviating Ship-to.txt,body_AAMkAGEz_Christian 17 - Customer in Sales orgs 2540 and 2545,deviating Ship-to.txt,body_AAMkAGEz_Christian 17 - Customer in Sales orgs 2540 and 2545,deviating Ship-to.txt",
AAMkAGEzNTJjNTY1LTAxZjctNGU1My04ZDFkLTBkMTJlZGE0YTUzMwBGAAAAAAC7qJY7ZJJBT5IP79n-R0j-BwCJ1AznZ0-uRrG_5NNdUHgAAABL8we5AACJ1AznZ0-uRrG_5NNdUHgAAACAdAmEAAA=,NEW PO ,2026-07-28T07:48:03Z,FOLDER_MOVED,,2026-07-28 07:50:47,2026-07-28 10:09:17,po-04900 envalior (1)_aamkagez.pdf,,,,1,AAQkAGEzNTJjNTY1LTAxZjctNGU1My04ZDFkLTBkMTJlZGE0YTUzMwAQAECx9iZrfDhDmJv-lwqnlJk=,"PO-04749-REVISED ITEM 1 (1).pdf,PO-04900 ENVALIOR (1).pdf,PO-04749-REVISED ITEM 1 (1)_AAMkAGEz.pdf,PO-04900 ENVALIOR (1)_AAMkAGEz.pdf",
AAMkAGEzNTJjNTY1LTAxZjctNGU1My04ZDFkLTBkMTJlZGE0YTUzMwBGAAAAAAC7qJY7ZJJBT5IP79n-R0j-BwCJ1AznZ0-uRrG_5NNdUHgAAABL8we5AACJ1AznZ0-uRrG_5NNdUHgAAACAdAmDAAA=,"Christian 16 - Customer in Sales orgs 2500 and 2540, not editable PDF document",2026-07-28T07:42:03Z,PENDING_STAGE2,,2026-07-28 07:43:30,2026-07-28 10:09:16,yybst13d.pdf,,,,1,AAQkAGEzNTJjNTY1LTAxZjctNGU1My04ZDFkLTBkMTJlZGE0YTUzMwAQAG-P7clQI0B8jOppspaHFb8=,"body_AAMkAGEz_Christian 16 - Customer in Sales orgs 2500 and 2540,not editable PDF document.txt,YYBST13D.pdf,body_AAMkAGEz_Christian 16 - Customer in Sales orgs 2500 and 2540,not editable PDF document.txt,YYBST13D_AAMkAGEz.pdf,body_AAMkAGEz_Christian 16 - Customer in Sales orgs 2500 and 2540,not editable PDF document.txt,body_AAMkAGEz_Christian 16 - Customer in Sales orgs 2500 and 2540,not editable PDF document.txt,body_AAMkAGEz_Christian 16 - Customer in Sales orgs 2500 and 2540,not editable PDF document.txt,body_AAMkAGEz_Christian 16 - Customer in Sales orgs 2500 and 2540,not editable PDF document.txt,body_AAMkAGEz_Christian 16 - Customer in Sales orgs 2500 and 2540,not editable PDF document.txt",
AAMkAGEzNTJjNTY1LTAxZjctNGU1My04ZDFkLTBkMTJlZGE0YTUzMwBGAAAAAAC7qJY7ZJJBT5IP79n-R0j-BwCJ1AznZ0-uRrG_5NNdUHgAAABL8we5AACJ1AznZ0-uRrG_5NNdUHgAAACAdAmCAAA=,Christian 15 - Deviating Ship-to and ETD/ETA mentioned i.s.o. delivery date,2026-07-28T07:34:20Z,PENDING_STAGE2,,2026-07-28 07:36:35,2026-07-28 10:09:16,26003731_aamkagez.pdf,,,,1,AAQkAGEzNTJjNTY1LTAxZjctNGU1My04ZDFkLTBkMTJlZGE0YTUzMwAQACjRgmLhgEoYpvYtmBPOjes=,"image001_AAMkAGEz.png,26003731.pdf,26003731_AAMkAGEz.pdf",
AAMkAGEzNTJjNTY1LTAxZjctNGU1My04ZDFkLTBkMTJlZGE0YTUzMwBGAAAAAAC7qJY7ZJJBT5IP79n-R0j-BwCJ1AznZ0-uRrG_5NNdUHgAAABL8we5AACJ1AznZ0-uRrG_5NNdUHgAAACAdAmBAAA=,"Christian 14 - No attachment (all details in email, but week mentioned instead of concrete date)",2026-07-28T07:25:21Z,FOLDER_MOVED,,2026-07-28 07:26:19,2026-07-28 10:09:15,outlook-bdilrneb_aamkagez.png,,,,1,AAQkAGEzNTJjNTY1LTAxZjctNGU1My04ZDFkLTBkMTJlZGE0YTUzMwAQAKr2vOp4zUP9lcC8_cZLekk=,"body_AAMkAGEz_Christian 14 - No attachment (all details in email,but week mentioned instead o.txt,Outlook-bdilrneb.png,Outlook-fgimmodj.png,Outlook-A green an.png,body_AAMkAGEz_Christian 14 - No attachment (all details in email,but week mentioned instead o.txt,Outlook-bdilrneb_AAMkAGEz.png,Outlook-fgimmodj_AAMkAGEz.png,Outlook-A green an_AAMkAGEz.png,body_AAMkAGEz_Christian 14 - No attachment (all details in email,but week mentioned instead o.txt,body_AAMkAGEz_Christian 14 - No attachment (all details in email,but week mentioned instead o.txt,body_AAMkAGEz_Christian 14 - No attachment (all details in email,but week mentioned instead o.txt,body_AAMkAGEz_Christian 14 - No attachment (all details in email,but week mentioned instead o.txt,body_AAMkAGEz_Christian 14 - No attachment (all details in email,but week mentioned instead o.txt,body_AAMkAGEz_Christian 14 - No attachment (all details in email,but week mentioned instead o.txt,body_AAMkAGEz_Christian 14 - No attachment (all details in email,but week mentioned instead o.txt,body_AAMkAGEz_Christian 14 - No attachment (all details in email,but week mentioned instead o.txt,body_AAMkAGEz_Christian 14 - No attachment (all details in email,but week mentioned instead o.txt,body_AAMkAGEz_Christian 14 - No attachment (all details in email,but week mentioned instead o.txt",
AAMkAGEzNTJjNTY1LTAxZjctNGU1My04ZDFkLTBkMTJlZGE0YTUzMwBGAAAAAAC7qJY7ZJJBT5IP79n-R0j-BwCJ1AznZ0-uRrG_5NNdUHgAAABL8we5AACJ1AznZ0-uRrG_5NNdUHgAAACAdAmAAAA=,"Christian 13 - Dates in format DDMMYY, but quantities in US format",2026-07-28T07:20:24Z,FOLDER_MOVED,,2026-07-28 07:23:12,2026-07-28 10:09:15,general-terms-and-conditions-of-purchase_mcg-emea-en_aamkagez.pdf,,,,1,AAQkAGEzNTJjNTY1LTAxZjctNGU1My04ZDFkLTBkMTJlZGE0YTUzMwAQAI7RsF3IKEAUsABQUH2lZXo=,"General-Terms-and-Conditions-of-Purchase_MCG-EMEA-EN.pdf,Purchase order _ 849474 - ENVALIOR DEUTSCHLAND BE.pdf,General-Terms-and-Conditions-of-Purchase_MCG-EMEA-EN_AAMkAGEz.pdf,Purchase order _ 849474 - ENVALIOR DEUTSCHLAND BE_AAMkAGEz.pdf",
AAMkAGEzNTJjNTY1LTAxZjctNGU1My04ZDFkLTBkMTJlZGE0YTUzMwBGAAAAAAC7qJY7ZJJBT5IP79n-R0j-BwCJ1AznZ0-uRrG_5NNdUHgAAABL8we5AACJ1AznZ0-uRrG_5NNdUHgAAACAdAl-AAA=,Christian 11 - Material has been excluded,2026-07-28T07:08:30Z,PENDING_STAGE2,,2026-07-28 07:20:29,2026-07-28 10:09:14,p000073171.pdf,,,,1,AAQkAGEzNTJjNTY1LTAxZjctNGU1My04ZDFkLTBkMTJlZGE0YTUzMwAQAHs6RRf6akoEkBoQ3tk7tmw=,"P000073171.pdf,P000073171_AAMkAGEz.pdf",
AAMkAGEzNTJjNTY1LTAxZjctNGU1My04ZDFkLTBkMTJlZGE0YTUzMwBGAAAAAAC7qJY7ZJJBT5IP79n-R0j-BwCJ1AznZ0-uRrG_5NNdUHgAAABL8we5AACJ1AznZ0-uRrG_5NNdUHgAAACAdAl_AAA=,Christian 12 - Company name different than Sold-to name,2026-07-28T07:13:58Z,PENDING_STAGE2,,2026-07-28 07:20:22,2026-07-28 10:09:14,purchase order 4406342278_aamkagez.pdf,,,,1,AAQkAGEzNTJjNTY1LTAxZjctNGU1My04ZDFkLTBkMTJlZGE0YTUzMwAQANwFG3XeM0pKoLM3eMMoDYY=,"Purchase Order 4406342278.PDF,Purchase Order 4406342278_AAMkAGEz.PDF",
AAMkAGEzNTJjNTY1LTAxZjctNGU1My04ZDFkLTBkMTJlZGE0YTUzMwBGAAAAAAC7qJY7ZJJBT5IP79n-R0j-BwCJ1AznZ0-uRrG_5NNdUHgAAABL8we5AACJ1AznZ0-uRrG_5NNdUHgAAACAdAl9AAA=,new po ,2026-07-28T07:20:03Z,PENDING_STAGE2,,2026-07-28 07:20:15,2026-07-28 10:09:14,purchase order 14945 (1).pdf,,,,1,AAQkAGEzNTJjNTY1LTAxZjctNGU1My04ZDFkLTBkMTJlZGE0YTUzMwAQAPrg5es0drpBoIJNfONk0XQ=,"Purchase order 14945 (1).pdf,Purchase order 14945 (1)_AAMkAGEz.pdf",
AAMkAGEzNTJjNTY1LTAxZjctNGU1My04ZDFkLTBkMTJlZGE0YTUzMwBGAAAAAAC7qJY7ZJJBT5IP79n-R0j-BwCJ1AznZ0-uRrG_5NNdUHgAAABL8we5AACJ1AznZ0-uRrG_5NNdUHgAAACAdAl8AAA=,new po ,2026-07-28T07:07:11Z,PENDING_STAGE2,,2026-07-28 07:07:58,2026-07-28 10:09:13,97.pdf,,,,1,AAQkAGEzNTJjNTY1LTAxZjctNGU1My04ZDFkLTBkMTJlZGE0YTUzMwAQALf4XRpYcqZDkac2iqnaAoY=,"97.PDF,97_AAMkAGEz.PDF",
AAMkAGEzNTJjNTY1LTAxZjctNGU1My04ZDFkLTBkMTJlZGE0YTUzMwBGAAAAAAC7qJY7ZJJBT5IP79n-R0j-BwCJ1AznZ0-uRrG_5NNdUHgAAABL8we5AACJ1AznZ0-uRrG_5NNdUHgAAACAdAl7AAA=,CSG0152081,2026-07-28T03:12:53Z,FOLDER_MOVED,,2026-07-28 06:54:18,2026-07-28 10:09:13,csg0152081_aamkagez.pdf,,,,1,AAQkAGEzNTJjNTY1LTAxZjctNGU1My04ZDFkLTBkMTJlZGE0YTUzMwAQAECQyrFD6ko8u41GlCoVqq8=,"CSG0152081.pdf,image001_AAMkAGEz.png,CSG0152081_AAMkAGEz.pdf",
AAMkAGEzNTJjNTY1LTAxZjctNGU1My04ZDFkLTBkMTJlZGE0YTUzMwBGAAAAAAC7qJY7ZJJBT5IP79n-R0j-BwCJ1AznZ0-uRrG_5NNdUHgAAABL8we5AACJ1AznZ0-uRrG_5NNdUHgAAACAdAl6AAA=,ENVALIOR PO2026-078,2026-07-28T03:13:06Z,PENDING_STAGE2,,2026-07-28 06:50:48,2026-07-28 10:09:12,envalior po2026-078_aamkagez.pdf,,,,1,AAQkAGEzNTJjNTY1LTAxZjctNGU1My04ZDFkLTBkMTJlZGE0YTUzMwAQAC_6bHg4X0zZiS0TAO1ArL8=,"ENVALIOR PO2026-078.pdf,image001_AAMkAGEz.png,ENVALIOR PO2026-078_AAMkAGEz.pdf",
AAMkAGEzNTJjNTY1LTAxZjctNGU1My04ZDFkLTBkMTJlZGE0YTUzMwBGAAAAAAC7qJY7ZJJBT5IP79n-R0j-BwCJ1AznZ0-uRrG_5NNdUHgAAABL8we5AACJ1AznZ0-uRrG_5NNdUHgAAACAdAl5AAA=,PA2026143 Envalior Durethan ECO grade,2026-07-28T03:13:26Z,PENDING_STAGE2,,2026-07-28 06:47:08,2026-07-28 10:09:12,pa2026143 envalior durethan eco grade_aamkagez.pdf,,,,1,AAQkAGEzNTJjNTY1LTAxZjctNGU1My04ZDFkLTBkMTJlZGE0YTUzMwAQAGePnBq-gUHZiTrjP1uoHgc=,"PA2026143 Envalior Durethan ECO grade.pdf,image001_AAMkAGEz.png,PA2026143 Envalior Durethan ECO grade_AAMkAGEz.pdf",
AAMkAGEzNTJjNTY1LTAxZjctNGU1My04ZDFkLTBkMTJlZGE0YTUzMwBGAAAAAAC7qJY7ZJJBT5IP79n-R0j-BwCJ1AznZ0-uRrG_5NNdUHgAAABL8we5AACJ1AznZ0-uRrG_5NNdUHgAAACAdAl4AAA=,Purchase Order  (11861686)-1,2026-07-28T03:13:52Z,FOLDER_MOVED,,2026-07-28 06:43:38,2026-07-28 10:09:11,purchase order  (11861686)-1.pdf,,,,1,AAQkAGEzNTJjNTY1LTAxZjctNGU1My04ZDFkLTBkMTJlZGE0YTUzMwAQAGVpyiZTS02Yibzav6DjiRk=,"Purchase Order  (11861686)-1.pdf,image001_AAMkAGEz.png,Purchase Order  (11861686)-1_AAMkAGEz.pdf",
AAMkAGEzNTJjNTY1LTAxZjctNGU1My04ZDFkLTBkMTJlZGE0YTUzMwBGAAAAAAC7qJY7ZJJBT5IP79n-R0j-BwCJ1AznZ0-uRrG_5NNdUHgAAABL8we5AACJ1AznZ0-uRrG_5NNdUHgAAACAdAl3AAA=,"FW: italina customer PO Logital 1541838 active in 2500, CMIR not maintained",2026-07-27T14:39:02Z,FOLDER_MOVED,,2026-07-27 14:39:35,2026-07-28 10:09:11,oa logital no 516-2026.pdf,,,,1,AAQkAGEzNTJjNTY1LTAxZjctNGU1My04ZDFkLTBkMTJlZGE0YTUzMwAQAHifoxpji0ZIuw_zMK8Z08w=,"body_AAMkAGEz_FW_ italina customer PO Logital 1541838 active in 2500,CMIR not maintained.txt,OA LOGITAL NO 516-2026.pdf,image001.png,image003.png,body_AAMkAGEz_FW_ italina customer PO Logital 1541838 active in 2500,CMIR not maintained.txt,OA LOGITAL NO 516-2026_AAMkAGEz.pdf,image001_AAMkAGEz.png,image003_AAMkAGEz.png,body_AAMkAGEz_FW_ italina customer PO Logital 1541838 active in 2500,CMIR not maintained.txt,body_AAMkAGEz_FW_ italina customer PO Logital 1541838 active in 2500,CMIR not maintained.txt,body_AAMkAGEz_FW_ italina customer PO Logital 1541838 active in 2500,CMIR not maintained.txt,body_AAMkAGEz_FW_ italina customer PO Logital 1541838 active in 2500,CMIR not maintained.txt,body_AAMkAGEz_FW_ italina customer PO Logital 1541838 active in 2500,CMIR not maintained.txt,body_AAMkAGEz_FW_ italina customer PO Logital 1541838 active in 2500,CMIR not maintained.txt,body_AAMkAGEz_FW_ italina customer PO Logital 1541838 active in 2500,CMIR not maintained.txt,body_AAMkAGEz_FW_ italina customer PO Logital 1541838 active in 2500,CMIR not maintained.txt,body_AAMkAGEz_FW_ italina customer PO Logital 1541838 active in 2500,CMIR not maintained.txt,body_AAMkAGEz_FW_ italina customer PO Logital 1541838 active in 2500,CMIR not maintained.txt,body_AAMkAGEz_FW_ italina customer PO Logital 1541838 active in 2500,CMIR not maintained.txt,body_AAMkAGEz_FW_ italina customer PO Logital 1541838 active in 2500,CMIR not maintained.txt,body_AAMkAGEz_FW_ italina customer PO Logital 1541838 active in 2500,CMIR not maintained.txt,body_AAMkAGEz_FW_ italina customer PO Logital 1541838 active in 2500,CMIR not maintained.txt,body_AAMkAGEz_FW_ italina customer PO Logital 1541838 active in 2500,CMIR not maintained.txt,body_AAMkAGEz_FW_ italina customer PO Logital 1541838 active in 2500,CMIR not maintained.txt,body_AAMkAGEz_FW_ italina customer PO Logital 1541838 active in 2500,CMIR not maintained.txt,body_AAMkAGEz_FW_ italina customer PO Logital 1541838 active in 2500,CMIR not maintained.txt,body_AAMkAGEz_FW_ italina customer PO Logital 1541838 active in 2500,CMIR not maintained.txt",
AAMkAGEzNTJjNTY1LTAxZjctNGU1My04ZDFkLTBkMTJlZGE0YTUzMwBGAAAAAAC7qJY7ZJJBT5IP79n-R0j-BwCJ1AznZ0-uRrG_5NNdUHgAAABL8we5AACJ1AznZ0-uRrG_5NNdUHgAAACAdAl2AAA=,135420- German PO below MOQ ,2026-07-27T13:37:33Z,PENDING_STAGE2,,2026-07-27 13:37:46,2026-07-28 10:09:10,be_135420.pdf,,,,1,AAQkAGEzNTJjNTY1LTAxZjctNGU1My04ZDFkLTBkMTJlZGE0YTUzMwAQAK0hJspaw079op6q_cXfFb4=,"BE_135420.PDF,BE_135420_AAMkAGEz.PDF",
AAMkAGEzNTJjNTY1LTAxZjctNGU1My04ZDFkLTBkMTJlZGE0YTUzMwBGAAAAAAC7qJY7ZJJBT5IP79n-R0j-BwCJ1AznZ0-uRrG_5NNdUHgAAABL8we5AACJ1AznZ0-uRrG_5NNdUHgAAACAdAl1AAA=,new po,2026-07-27T11:52:18Z,FOLDER_MOVED,,2026-07-27 11:52:37,2026-07-27 12:06:40,,,,,1,AAQkAGEzNTJjNTY1LTAxZjctNGU1My04ZDFkLTBkMTJlZGE0YTUzMwAQAMhpXXnae-pMo7oIdQNv1LQ=,"_DLH_PURCHORD (1) (1).pdf,_DLH_PURCHORD (1) (1)_AAMkAGEz.pdf",
AAMkAGEzNTJjNTY1LTAxZjctNGU1My04ZDFkLTBkMTJlZGE0YTUzMwBGAAAAAAC7qJY7ZJJBT5IP79n-R0j-BwCJ1AznZ0-uRrG_5NNdUHgAAABL8we5AACJ1AznZ0-uRrG_5NNdUHgAAACAdAl0AAA=,PON-2607-0002,2026-07-27T05:50:40Z,FOLDER_MOVED,,2026-07-27 07:45:36,2026-07-27 09:36:40,恩骅力PON-2607-0002_AAMkAGEz.pdf,,,,1,AAQkAGEzNTJjNTY1LTAxZjctNGU1My04ZDFkLTBkMTJlZGE0YTUzMwAQANar9acGxk72pDiU4Crk2K0=,"恩骅力PON-2607-0002_AAMkAGEz.pdf,image001_AAMkAGEz.png",
AAMkAGEzNTJjNTY1LTAxZjctNGU1My04ZDFkLTBkMTJlZGE0YTUzMwBGAAAAAAC7qJY7ZJJBT5IP79n-R0j-BwCJ1AznZ0-uRrG_5NNdUHgAAABL8we5AACJ1AznZ0-uRrG_5NNdUHgAAAB_xtcIAAA=,PO 11750120,2026-07-24T02:44:32Z,FOLDER_MOVED,,2026-07-27 07:41:56,2026-07-27 09:36:40,Purchase Order  (11750120)_AAMkAGEz.pdf,,,,1,AAQkAGEzNTJjNTY1LTAxZjctNGU1My04ZDFkLTBkMTJlZGE0YTUzMwAQALQUUsDu2U4QnEqwmuW5E0M=,"Purchase Order  (11750120)_AAMkAGEz.pdf,image001_AAMkAGEz.png",
AAMkAGEzNTJjNTY1LTAxZjctNGU1My04ZDFkLTBkMTJlZGE0YTUzMwBGAAAAAAC7qJY7ZJJBT5IP79n-R0j-BwCJ1AznZ0-uRrG_5NNdUHgAAABL8we5AACJ1AznZ0-uRrG_5NNdUHgAAAB_xtcHAAA=,Purchase Order  (11923197),2026-07-24T02:44:51Z,FOLDER_MOVED,,2026-07-27 07:41:46,2026-07-27 09:36:39,Purchase Order  (11923197)_AAMkAGEz.pdf,,,,1,AAQkAGEzNTJjNTY1LTAxZjctNGU1My04ZDFkLTBkMTJlZGE0YTUzMwAQAL6MZ0_C80kciyFN8A0VDb8=,"Purchase Order  (11923197)_AAMkAGEz.pdf,image001_AAMkAGEz.png",
AAMkAGEzNTJjNTY1LTAxZjctNGU1My04ZDFkLTBkMTJlZGE0YTUzMwBGAAAAAAC7qJY7ZJJBT5IP79n-R0j-BwCJ1AznZ0-uRrG_5NNdUHgAAABL8we5AACJ1AznZ0-uRrG_5NNdUHgAAAB_xtcGAAA=,PO,2026-07-24T02:45:24Z,FOLDER_MOVED,,2026-07-27 07:41:39,2026-07-27 09:36:39,[우주테크] 삼성발레오_20260714 납기 발주건 (1).pdf,,,,1,AAQkAGEzNTJjNTY1LTAxZjctNGU1My04ZDFkLTBkMTJlZGE0YTUzMwAQAO8NX_TYt0BrrrcnNY1hEKA=,"[우주테크] 삼성발레오_20260714 납기 발주건 (1).pdf,image001_AAMkAGEz.png,[우주테크] 삼성발레오_20260714 납기 발주건 (1)_AAMkAGEz.pdf",
AAMkAGEzNTJjNTY1LTAxZjctNGU1My04ZDFkLTBkMTJlZGE0YTUzMwBGAAAAAAC7qJY7ZJJBT5IP79n-R0j-BwCJ1AznZ0-uRrG_5NNdUHgAAABL8we5AACJ1AznZ0-uRrG_5NNdUHgAAAB_xtcFAAA=,PO,2026-07-24T02:45:46Z,FOLDER_MOVED,,2026-07-27 07:41:33,2026-07-27 09:36:38,20260611_AAMkAGEz.pdf,,,,1,AAQkAGEzNTJjNTY1LTAxZjctNGU1My04ZDFkLTBkMTJlZGE0YTUzMwAQAIJjFED_o0aRiE3_tPVzdAU=,"20260611_AAMkAGEz.pdf,image001_AAMkAGEz.png",
AAMkAGEzNTJjNTY1LTAxZjctNGU1My04ZDFkLTBkMTJlZGE0YTUzMwBGAAAAAAC7qJY7ZJJBT5IP79n-R0j-BwCJ1AznZ0-uRrG_5NNdUHgAAABL8we5AACJ1AznZ0-uRrG_5NNdUHgAAAB_xtcEAAA=,UAT for Japan  4020013043  BANDO KAGAKU 20260724-01,2026-07-24T04:50:46Z,FOLDER_MOVED,,2026-07-27 07:41:26,2026-07-27 09:36:38,4504165004_20260721040217.001_X.pdf,,,,1,AAQkAGEzNTJjNTY1LTAxZjctNGU1My04ZDFkLTBkMTJlZGE0YTUzMwAQAE5q58NP3UMamOHgCcjoCRk=,"image001_AAMkAGEz.jpg,4504165004_20260721040217.001_X.pdf,4504165004_20260721040217.001_X_AAMkAGEz.pdf",
AAMkAGEzNTJjNTY1LTAxZjctNGU1My04ZDFkLTBkMTJlZGE0YTUzMwBGAAAAAAC7qJY7ZJJBT5IP79n-R0j-BwCJ1AznZ0-uRrG_5NNdUHgAAABL8we5AACJ1AznZ0-uRrG_5NNdUHgAAAB_xtcDAAA=,UAT for Japan  4020017816  ASAHI KASEI ADVANCE 20260724-02,2026-07-24T05:07:18Z,FOLDER_MOVED,,2026-07-27 07:41:19,2026-07-27 09:36:37,注文書.pdf,,,,1,AAQkAGEzNTJjNTY1LTAxZjctNGU1My04ZDFkLTBkMTJlZGE0YTUzMwAQAIdFKc_TUUKXu9shILoNwRk=,"注文書.pdf,image001_AAMkAGEz.jpg,注文書_AAMkAGEz.pdf",
AAMkAGEzNTJjNTY1LTAxZjctNGU1My04ZDFkLTBkMTJlZGE0YTUzMwBGAAAAAAC7qJY7ZJJBT5IP79n-R0j-BwCJ1AznZ0-uRrG_5NNdUHgAAABL8we5AACJ1AznZ0-uRrG_5NNdUHgAAAB_xtcCAAA=,UAT for Japan  4020017816  ASAHI KASEI ADVANCE 20260724-03,2026-07-24T05:08:24Z,FOLDER_MOVED,,2026-07-27 07:41:12,2026-07-27 09:36:37,9.1納品.pdf,,,,1,AAQkAGEzNTJjNTY1LTAxZjctNGU1My04ZDFkLTBkMTJlZGE0YTUzMwAQADCPsFldhUs9iuftW0ar6J0=,"9.1納品.pdf,image001_AAMkAGEz.jpg,9.1納品_AAMkAGEz.pdf",
AAMkAGEzNTJjNTY1LTAxZjctNGU1My04ZDFkLTBkMTJlZGE0YTUzMwBGAAAAAAC7qJY7ZJJBT5IP79n-R0j-BwCJ1AznZ0-uRrG_5NNdUHgAAABL8we5AACJ1AznZ0-uRrG_5NNdUHgAAAB_xtcBAAA=,UAT for Japan  4020020391  GLOBAL POLYACETAL CO LTD  20260724-04,2026-07-24T05:42:12Z,FOLDER_MOVED,,2026-07-27 07:41:04,2026-07-27 09:36:37,GPAC注文書_1000030223GK101_20260721140924280.pdf,,,,1,AAQkAGEzNTJjNTY1LTAxZjctNGU1My04ZDFkLTBkMTJlZGE0YTUzMwAQAPorTgd-30kruXuOzRXILIg=,"GPAC注文書_1000030223GK101_20260721140924280.pdf,image001_AAMkAGEz.jpg,GPAC注文書_1000030223GK101_20260721140924280_AAMkAGEz.pdf",
AAMkAGEzNTJjNTY1LTAxZjctNGU1My04ZDFkLTBkMTJlZGE0YTUzMwBGAAAAAAC7qJY7ZJJBT5IP79n-R0j-BwCJ1AznZ0-uRrG_5NNdUHgAAABL8we5AACJ1AznZ0-uRrG_5NNdUHgAAAB_xtcKAAA=,PO 20260611,2026-07-24T13:40:38Z,FOLDER_MOVED,,2026-07-24 20:03:12,2026-07-27 09:36:36,20260611.pdf,,,,1,AAQkAGEzNTJjNTY1LTAxZjctNGU1My04ZDFkLTBkMTJlZGE0YTUzMwAQAHevU48zok4osN4mXyOAHcI=,"20260611.pdf,image001_AAMkAGEz.png,20260611_AAMkAGEz.pdf",
AAMkAGEzNTJjNTY1LTAxZjctNGU1My04ZDFkLTBkMTJlZGE0YTUzMwBGAAAAAAC7qJY7ZJJBT5IP79n-R0j-BwCJ1AznZ0-uRrG_5NNdUHgAAABL8we5AACJ1AznZ0-uRrG_5NNdUHgAAAB_xtcJAAA=,new po ,2026-07-24T12:46:38Z,FOLDER_MOVED,,2026-07-24 12:47:11,2026-07-27 09:36:36,2415935002.pdf,,,,1,AAQkAGEzNTJjNTY1LTAxZjctNGU1My04ZDFkLTBkMTJlZGE0YTUzMwAQAFC3Rf0U7nlIkq1YiX3uJvs=,"2415935002.pdf,2415935002_AAMkAGEz.pdf",
AAMkAGEzNTJjNTY1LTAxZjctNGU1My04ZDFkLTBkMTJlZGE0YTUzMwBGAAAAAAC7qJY7ZJJBT5IP79n-R0j-BwCJ1AznZ0-uRrG_5NNdUHgAAABL8we5AACJ1AznZ0-uRrG_5NNdUHgAAAB_xtcAAAA=,UAT for Japan  4020020391  GLOBAL POLYACETAL CO LTD  20260724-05,2026-07-24T05:43:03Z,FOLDER_MOVED,,2026-07-24 06:58:31,2026-07-27 09:36:35,GPAC注文書_1000030223GK101_20260721140822921_AAMkAGEz.pdf,,,,1,AAQkAGEzNTJjNTY1LTAxZjctNGU1My04ZDFkLTBkMTJlZGE0YTUzMwAQAFBLmjA0FEpknLJvUO4DpmY=,"GPAC注文書_1000030223GK101_20260721140822921_AAMkAGEz.pdf,image001.jpg,image001_AAMkAGEz.jpg",
AAMkAGEzNTJjNTY1LTAxZjctNGU1My04ZDFkLTBkMTJlZGE0YTUzMwBGAAAAAAC7qJY7ZJJBT5IP79n-R0j-BwCJ1AznZ0-uRrG_5NNdUHgAAABL8we5AACJ1AznZ0-uRrG_5NNdUHgAAAB9RABjAAA=,FW: Order 97,2026-07-23T11:48:37Z,FOLDER_MOVED,,2026-07-23 11:58:53,2026-07-27 09:36:35,97.PDF,,,,1,AAQkAGEzNTJjNTY1LTAxZjctNGU1My04ZDFkLTBkMTJlZGE0YTUzMwAQAAMFWLDTjwFGppG59_S4dww=,"97.PDF,image_AAMkAGEz.png,image002.png,97_AAMkAGEz.PDF,image002_AAMkAGEz.png",
AAMkAGEzNTJjNTY1LTAxZjctNGU1My04ZDFkLTBkMTJlZGE0YTUzMwBGAAAAAAC7qJY7ZJJBT5IP79n-R0j-BwCJ1AznZ0-uRrG_5NNdUHgAAABL8we5AACJ1AznZ0-uRrG_5NNdUHgAAAB9RABiAAA=,FW: Purchase order. Our order number 14945 [Order] - Stigma (HQV),2026-07-23T11:18:13Z,FOLDER_MOVED,,2026-07-23 11:30:14,2026-07-27 09:36:34,Purchase order 14945.pdf,,,,1,AAQkAGEzNTJjNTY1LTAxZjctNGU1My04ZDFkLTBkMTJlZGE0YTUzMwAQAFb9EuOnyb5EiqSoLb0uhuM=,"body_AAMkAGEz_FW_ Purchase order. Our order number 14945 [Order] - Stigma (HQV).txt,Purchase order 14945.pdf,Husqvarna Prices Q3 2026 Molders.pdf,image003.png,image.png,image001.png,Purchase order 14945_AAMkAGEz.pdf,Husqvarna Prices Q3 2026 Molders_AAMkAGEz.pdf,image003_AAMkAGEz.png,image_AAMkAGEz.png,image001_AAMkAGEz.png",
AAMkAGEzNTJjNTY1LTAxZjctNGU1My04ZDFkLTBkMTJlZGE0YTUzMwBGAAAAAAC7qJY7ZJJBT5IP79n-R0j-BwCJ1AznZ0-uRrG_5NNdUHgAAABL8we5AACJ1AznZ0-uRrG_5NNdUHgAAAB9RABhAAA=,NEw po ,2026-07-23T10:21:12Z,FOLDER_MOVED,,2026-07-23 10:21:44,2026-07-27 09:36:34,460031761 POCAN BF4239-700350 S103 (2).pdf,,,,1,AAQkAGEzNTJjNTY1LTAxZjctNGU1My04ZDFkLTBkMTJlZGE0YTUzMwAQABmMJ0jDj29AoQFqFITyk6M=,"460031761 POCAN BF4239-700350 S103 (2).pdf,450012469 Pocan (1).pdf,PO-04749-REVISED ITEM 1.pdf,PO-04900 ENVALIOR.pdf,IMPORT_PO_M01Y-010-05326009.pdf,302323-AMP (1).pdf,460031761 POCAN BF4239-700350 S103 (2)_AAMkAGEz.pdf,450012469 Pocan (1)_AAMkAGEz.pdf,PO-04749-REVISED ITEM 1_AAMkAGEz.pdf,PO-04900 ENVALIOR_AAMkAGEz.pdf,IMPORT_PO_M01Y-010-05326009_AAMkAGEz.pdf,302323-AMP (1)_AAMkAGEz.pdf",
AAMkAGEzNTJjNTY1LTAxZjctNGU1My04ZDFkLTBkMTJlZGE0YTUzMwBGAAAAAAC7qJY7ZJJBT5IP79n-R0j-BwCJ1AznZ0-uRrG_5NNdUHgAAABL8we5AACJ1AznZ0-uRrG_5NNdUHgAAAB9RABgAAA=,new po,2026-07-23T07:54:00Z,FOLDER_MOVED,,2026-07-23 07:55:00,2026-07-27 09:36:34,VO-2026-311-000149.pdf,,,,1,AAQkAGEzNTJjNTY1LTAxZjctNGU1My04ZDFkLTBkMTJlZGE0YTUzMwAQAKyajNxahQ5CrQgGkAv4oeU=,"VO-2026-311-000149.pdf,VO-2026-311-000149_AAMkAGEz.pdf",
AAMkAGEzNTJjNTY1LTAxZjctNGU1My04ZDFkLTBkMTJlZGE0YTUzMwBGAAAAAAC7qJY7ZJJBT5IP79n-R0j-BwCJ1AznZ0-uRrG_5NNdUHgAAABL8we5AACJ1AznZ0-uRrG_5NNdUHgAAAB9RABfAAA=,new po,2026-07-23T07:50:55Z,FOLDER_MOVED,,2026-07-23 07:52:13,2026-07-27 09:36:33,55138.pdf,,,,1,AAQkAGEzNTJjNTY1LTAxZjctNGU1My04ZDFkLTBkMTJlZGE0YTUzMwAQAPCIBZx2gchFkQKq5N3p-wg=,"55138.pdf,55138_AAMkAGEz.pdf",
AAMkAGEzNTJjNTY1LTAxZjctNGU1My04ZDFkLTBkMTJlZGE0YTUzMwBGAAAAAAC7qJY7ZJJBT5IP79n-R0j-BwCJ1AznZ0-uRrG_5NNdUHgAAABL8we5AACJ1AznZ0-uRrG_5NNdUHgAAAB9RABeAAA=,new po ,2026-07-23T07:49:14Z,FOLDER_MOVED,,2026-07-23 07:49:39,2026-07-27 09:36:33,Purchase Order  (11923197).pdf,,,,1,AAQkAGEzNTJjNTY1LTAxZjctNGU1My04ZDFkLTBkMTJlZGE0YTUzMwAQAFmGdJ9n_MdKkzXMQX59bFA=,"Purchase Order  (11923197).pdf,Purchase Order  (11750120).pdf,Purchase Order  (11923197)_AAMkAGEz.pdf,Purchase Order  (11750120)_AAMkAGEz.pdf",
AAMkAGEzNTJjNTY1LTAxZjctNGU1My04ZDFkLTBkMTJlZGE0YTUzMwBGAAAAAAC7qJY7ZJJBT5IP79n-R0j-BwCJ1AznZ0-uRrG_5NNdUHgAAABL8we5AACJ1AznZ0-uRrG_5NNdUHgAAAB9RABdAAA=,Korean PO,2026-07-23T05:43:08Z,FOLDER_MOVED,,2026-07-23 06:24:46,2026-07-23 06:40:50,[우주테크] 삼성발레오_20260714 납기 발주건 (1)_aamkagez.pdf,,,,1,AAQkAGEzNTJjNTY1LTAxZjctNGU1My04ZDFkLTBkMTJlZGE0YTUzMwAQAFKNOn1_VkL5m-9rPQBLAHU=,"[우주테크] 삼성발레오_20260714 납기 발주건 (1)_AAMkAGEz.pdf,image001.png",
AAMkAGEzNTJjNTY1LTAxZjctNGU1My04ZDFkLTBkMTJlZGE0YTUzMwBGAAAAAAC7qJY7ZJJBT5IP79n-R0j-BwCJ1AznZ0-uRrG_5NNdUHgAAABL8we5AACJ1AznZ0-uRrG_5NNdUHgAAAB9RABcAAA=,new po,2026-07-22T19:23:10Z,FOLDER_MOVED,,2026-07-22 19:24:25,2026-07-22 19:35:44,po-04749-revised item 1_aamkagez.pdf,,,,1,AAQkAGEzNTJjNTY1LTAxZjctNGU1My04ZDFkLTBkMTJlZGE0YTUzMwAQAEJdUq80gVBChlJh0kKwgs4=,"PO-04749-REVISED ITEM 1.pdf,PO-04900 ENVALIOR.pdf,PO-04749-REVISED ITEM 1_AAMkAGEz.pdf,PO-04900 ENVALIOR_AAMkAGEz.pdf",
AAMkAGEzNTJjNTY1LTAxZjctNGU1My04ZDFkLTBkMTJlZGE0YTUzMwBGAAAAAAC7qJY7ZJJBT5IP79n-R0j-BwCJ1AznZ0-uRrG_5NNdUHgAAABL8we5AACJ1AznZ0-uRrG_5NNdUHgAAAB9RABbAAA=,new po,2026-07-22T19:23:56Z,ROBONA_SENT,,2026-07-22 19:24:12,2026-07-27 12:18:46,import_po_m01y-010-05326009_aamkagez.pdf,,,,1,AAQkAGEzNTJjNTY1LTAxZjctNGU1My04ZDFkLTBkMTJlZGE0YTUzMwAQAHx5GidPdWdMhF0IeTAXJG0=,"IMPORT_PO_M01Y-010-05326009.pdf,55138_AAMkAGEz.pdf,IMPORT_PO_M01Y-010-05326009_AAMkAGEz.pdf",
AAMkAGEzNTJjNTY1LTAxZjctNGU1My04ZDFkLTBkMTJlZGE0YTUzMwBGAAAAAAC7qJY7ZJJBT5IP79n-R0j-BwCJ1AznZ0-uRrG_5NNdUHgAAABL8we5AACJ1AznZ0-uRrG_5NNdUHgAAAB9RABaAAA=,new po ,2026-07-22T14:24:26Z,FOLDER_MOVED,,2026-07-22 14:25:13,2026-07-22 19:35:41,55138.pdf,,,,1,AAQkAGEzNTJjNTY1LTAxZjctNGU1My04ZDFkLTBkMTJlZGE0YTUzMwAQAECZ9hmV3aVPv3GExWrvpn4=,"55138.pdf,55138_AAMkAGEz.pdf",
AAMkAGEzNTJjNTY1LTAxZjctNGU1My04ZDFkLTBkMTJlZGE0YTUzMwBGAAAAAAC7qJY7ZJJBT5IP79n-R0j-BwCJ1AznZ0-uRrG_5NNdUHgAAABL8we5AACJ1AznZ0-uRrG_5NNdUHgAAAB9RABZAAA=,new po ,2026-07-22T08:13:08Z,FOLDER_MOVED,,2026-07-22 09:58:31,2026-07-22 10:14:59,,,,,1,AAQkAGEzNTJjNTY1LTAxZjctNGU1My04ZDFkLTBkMTJlZGE0YTUzMwAQAFnxF0Tjxh5JkoYwPljk7m0=,"H260761-HEY-260309R2.pdf,H264713-HEY-260513.pdf,H266078-HEY-260602.pdf,H266864-HEY-260616.pdf",
AAMkAGEzNTJjNTY1LTAxZjctNGU1My04ZDFkLTBkMTJlZGE0YTUzMwBGAAAAAAC7qJY7ZJJBT5IP79n-R0j-BwCJ1AznZ0-uRrG_5NNdUHgAAABL8we5AACJ1AznZ0-uRrG_5NNdUHgAAAB9RABYAAA=,PO 460029462,2026-07-22T07:02:27Z,ROBONA_SENT,,2026-07-22 07:44:34,2026-07-27 12:18:39,460029462 pocan bf4219 540147.pdf,,,,1,AAQkAGEzNTJjNTY1LTAxZjctNGU1My04ZDFkLTBkMTJlZGE0YTUzMwAQAEGOZ2ZOsERCu0n4J3m9cfk=,"460029462 POCAN BF4219 540147.pdf,460029462 POCAN BF4219 540147_AAMkAGEz.pdf",
AAMkAGEzNTJjNTY1LTAxZjctNGU1My04ZDFkLTBkMTJlZGE0YTUzMwBGAAAAAAC7qJY7ZJJBT5IP79n-R0j-BwCJ1AznZ0-uRrG_5NNdUHgAAABL8we5AACJ1AznZ0-uRrG_5NNdUHgAAAB9RABXAAA=,PO:Pegasus,2026-07-22T06:38:38Z,FOLDER_MOVED,,2026-07-22 07:02:11,2026-07-27 09:36:32,Purchase Order  (11750120).pdf,,,,1,AAQkAGEzNTJjNTY1LTAxZjctNGU1My04ZDFkLTBkMTJlZGE0YTUzMwAQAPv8CHE2u0bzp9T4wBkYnhQ=,"Purchase Order  (11750120).pdf,Purchase Order  (11923197).pdf",
AAMkAGEzNTJjNTY1LTAxZjctNGU1My04ZDFkLTBkMTJlZGE0YTUzMwBGAAAAAAC7qJY7ZJJBT5IP79n-R0j-BwCJ1AznZ0-uRrG_5NNdUHgAAABL8we5AACJ1AznZ0-uRrG_5NNdUHgAAAB9RABWAAA=,PO SECO,2026-07-22T06:39:04Z,FOLDER_MOVED,,2026-07-22 07:02:03,2026-07-22 19:35:40,po-04749-revised item 1_aamkagez.pdf,,,,1,AAQkAGEzNTJjNTY1LTAxZjctNGU1My04ZDFkLTBkMTJlZGE0YTUzMwAQAD4Q4Y9pCEN8tnY_jLPl6fk=,PO-04749-REVISED ITEM 1.pdf,
AAMkAGEzNTJjNTY1LTAxZjctNGU1My04ZDFkLTBkMTJlZGE0YTUzMwBGAAAAAAC7qJY7ZJJBT5IP79n-R0j-BwCJ1AznZ0-uRrG_5NNdUHgAAABL8we5AACJ1AznZ0-uRrG_5NNdUHgAAAB9RABVAAA=,PO  SECO,2026-07-22T06:39:34Z,FOLDER_MOVED,,2026-07-22 07:01:55,2026-07-22 19:35:40,po-04900 envalior.pdf,,,,1,AAQkAGEzNTJjNTY1LTAxZjctNGU1My04ZDFkLTBkMTJlZGE0YTUzMwAQAL1A5F7SJE49nCLCLs7toMo=,PO-04900 ENVALIOR.pdf,
AAMkAGEzNTJjNTY1LTAxZjctNGU1My04ZDFkLTBkMTJlZGE0YTUzMwBGAAAAAAC7qJY7ZJJBT5IP79n-R0j-BwCJ1AznZ0-uRrG_5NNdUHgAAABL8we5AACJ1AznZ0-uRrG_5NNdUHgAAAB9RABUAAA=,Korea PO,2026-07-22T06:40:12Z,FOLDER_MOVED,,2026-07-22 07:01:49,2026-07-22 07:12:13,,,,,1,AAQkAGEzNTJjNTY1LTAxZjctNGU1My04ZDFkLTBkMTJlZGE0YTUzMwAQADl2eT6qEkJfiAeLGeHNiN0=,케이에스테크 PO 1000kg.PDF,
AAMkAGEzNTJjNTY1LTAxZjctNGU1My04ZDFkLTBkMTJlZGE0YTUzMwBGAAAAAAC7qJY7ZJJBT5IP79n-R0j-BwCJ1AznZ0-uRrG_5NNdUHgAAABL8we5AACJ1AznZ0-uRrG_5NNdUHgAAAB9RABTAAA=,PO,2026-07-22T06:53:38Z,FOLDER_MOVED,,2026-07-22 07:01:43,2026-07-22 07:12:13,po-04900 envalior.pdf,,,,1,AAQkAGEzNTJjNTY1LTAxZjctNGU1My04ZDFkLTBkMTJlZGE0YTUzMwAQALe0ibLjWEN-kYKWxp6xGmQ=,IMPORT_PO_M01Y-010-05326009.pdf,
AAMkAGEzNTJjNTY1LTAxZjctNGU1My04ZDFkLTBkMTJlZGE0YTUzMwBGAAAAAAC7qJY7ZJJBT5IP79n-R0j-BwCJ1AznZ0-uRrG_5NNdUHgAAABL8we5AACJ1AznZ0-uRrG_5NNdUHgAAAB8evIWAAA=,FW: QUICKLINKS options for order entry are OPEN ,2026-07-21T12:39:41Z,FOLDER_MOVED,,2026-07-21 17:18:08,2026-07-22 13:21:22,no_po_attachment,,,,1,AAQkAGEzNTJjNTY1LTAxZjctNGU1My04ZDFkLTBkMTJlZGE0YTUzMwAQAH8UsvH9e0UCvU-wP1vmE_E=,,
AAMkAGEzNTJjNTY1LTAxZjctNGU1My04ZDFkLTBkMTJlZGE0YTUzMwBGAAAAAAC7qJY7ZJJBT5IP79n-R0j-BwCJ1AznZ0-uRrG_5NNdUHgAAABL8we5AACJ1AznZ0-uRrG_5NNdUHgAAAB8evIVAAA=,Neaton - US,2026-07-21T12:43:48Z,ROBONA_SENT,,2026-07-21 17:18:00,2026-07-27 12:18:31,scan_carinna.denlinger_2026-06-26-14-17-47.pdf,,,,1,AAQkAGEzNTJjNTY1LTAxZjctNGU1My04ZDFkLTBkMTJlZGE0YTUzMwAQAJvnww1rE_VDjzXJV1agtvo=,"scan_carinna.denlinger_2026-06-26-14-17-47.pdf,scan_carinna.denlinger_2026-06-26-14-17-47_AAMkAGEz.pdf",
AAMkAGEzNTJjNTY1LTAxZjctNGU1My04ZDFkLTBkMTJlZGE0YTUzMwBGAAAAAAC7qJY7ZJJBT5IP79n-R0j-BwCJ1AznZ0-uRrG_5NNdUHgAAABL8we5AACJ1AznZ0-uRrG_5NNdUHgAAAB8evIUAAA=,Autoliv - US,2026-07-21T12:44:30Z,FOLDER_MOVED,,2026-07-21 17:17:56,2026-07-22 13:21:21,no_po_attachment,,,,1,AAQkAGEzNTJjNTY1LTAxZjctNGU1My04ZDFkLTBkMTJlZGE0YTUzMwAQAJXO4_sot2xNpiQ3jxZMo6k=,,
AAMkAGEzNTJjNTY1LTAxZjctNGU1My04ZDFkLTBkMTJlZGE0YTUzMwBGAAAAAAC7qJY7ZJJBT5IP79n-R0j-BwCJ1AznZ0-uRrG_5NNdUHgAAABL8we5AACJ1AznZ0-uRrG_5NNdUHgAAAB8evITAAA=,Fw: Purchase order. Our order number 14945 [Order] - Stigma (HQV),2026-07-21T13:16:50Z,FOLDER_MOVED,,2026-07-21 17:17:37,2026-07-22 10:57:53,husqvarna prices q3 2026 molders.pdf,,,,1,AAQkAGEzNTJjNTY1LTAxZjctNGU1My04ZDFkLTBkMTJlZGE0YTUzMwAQAFb9EuOnyb5EiqSoLb0uhuM=,"body_AAMkAGEz_Fw_ Purchase order. Our order number 14945 [Order] - Stigma (HQV).txt,Purchase order 14945.pdf,Husqvarna Prices Q3 2026 Molders.pdf,image.png,Purchase order 14945_AAMkAGEz.pdf,Husqvarna Prices Q3 2026 Molders_AAMkAGEz.pdf,image_AAMkAGEz.png",
AAMkAGEzNTJjNTY1LTAxZjctNGU1My04ZDFkLTBkMTJlZGE0YTUzMwBGAAAAAAC7qJY7ZJJBT5IP79n-R0j-BwCJ1AznZ0-uRrG_5NNdUHgAAABL8we5AACJ1AznZ0-uRrG_5NNdUHgAAAB8evISAAA=,new po,2026-07-21T16:27:51Z,ROBONA_SENT,,2026-07-21 17:17:30,2026-07-27 12:18:23,vo-2026-311-000149.pdf,,,,1,AAQkAGEzNTJjNTY1LTAxZjctNGU1My04ZDFkLTBkMTJlZGE0YTUzMwAQAGXZIxMd6atDpvqQScasOEo=,"VO-2026-311-000149.pdf,VO-2026-311-000149_AAMkAGEz.pdf",
AAMkAGEzNTJjNTY1LTAxZjctNGU1My04ZDFkLTBkMTJlZGE0YTUzMwBGAAAAAAC7qJY7ZJJBT5IP79n-R0j-BwCJ1AznZ0-uRrG_5NNdUHgAAABL8we5AACJ1AznZ0-uRrG_5NNdUHgAAAB8evIRAAA=,new po ,2026-07-21T11:19:15Z,FOLDER_MOVED,,2026-07-21 11:20:56,2026-07-21 11:22:29,vo-2026-311-000149.pdf,,,,1,,,
AAMkAGEzNTJjNTY1LTAxZjctNGU1My04ZDFkLTBkMTJlZGE0YTUzMwBGAAAAAAC7qJY7ZJJBT5IP79n-R0j-BwCJ1AznZ0-uRrG_5NNdUHgAAABL8we5AACJ1AznZ0-uRrG_5NNdUHgAAAB8evIQAAA=,new po ,2026-07-21T10:49:03Z,PENDING_STAGE2,,2026-07-21 11:09:56,2026-07-21 11:15:02,20260212143145.pdf,,,,1,,,
AAMkAGEzNTJjNTY1LTAxZjctNGU1My04ZDFkLTBkMTJlZGE0YTUzMwBGAAAAAAC7qJY7ZJJBT5IP79n-R0j-BwCJ1AznZ0-uRrG_5NNdUHgAAABL8we5AACJ1AznZ0-uRrG_5NNdUHgAAAB8evIPAAA=,UAT for Japan  4020013022  NIHON MOLEX 20260721-01,2026-07-21T09:53:41Z,FOLDER_MOVED,,2026-07-21 10:48:37,2026-07-21 10:53:54,molex+po1015174035_20260716_042526.pdf,,,,1,,,
AAMkAGEzNTJjNTY1LTAxZjctNGU1My04ZDFkLTBkMTJlZGE0YTUzMwBGAAAAAAC7qJY7ZJJBT5IP79n-R0j-BwCJ1AznZ0-uRrG_5NNdUHgAAABL8we5AACJ1AznZ0-uRrG_5NNdUHgAAAB8evIOAAA=,new po ,2026-07-21T10:16:41Z,ROBONA_SENT,,2026-07-21 10:48:33,2026-07-27 12:18:16,4518398334.pdf,,,,1,,,
AAMkAGEzNTJjNTY1LTAxZjctNGU1My04ZDFkLTBkMTJlZGE0YTUzMwBGAAAAAAC7qJY7ZJJBT5IP79n-R0j-BwCJ1AznZ0-uRrG_5NNdUHgAAABL8we5AACJ1AznZ0-uRrG_5NNdUHgAAAB8evINAAA=,new po ,2026-07-21T10:42:25Z,FOLDER_MOVED,,2026-07-21 10:48:26,2026-07-21 10:53:53,coa 1546699.pdf,,,,1,,,
AAMkAGEzNTJjNTY1LTAxZjctNGU1My04ZDFkLTBkMTJlZGE0YTUzMwBGAAAAAAC7qJY7ZJJBT5IP79n-R0j-BwCJ1AznZ0-uRrG_5NNdUHgAAABL8we5AACJ1AznZ0-uRrG_5NNdUHgAAAB8evIMAAA=,retest Jonas PO: import_po,2026-07-21T07:16:31Z,FOLDER_MOVED,,2026-07-21 09:27:39,2026-07-21 09:34:24,import_po_m01y-010-05326009.pdf,,,,1,,,
AAMkAGEzNTJjNTY1LTAxZjctNGU1My04ZDFkLTBkMTJlZGE0YTUzMwBGAAAAAAC7qJY7ZJJBT5IP79n-R0j-BwCJ1AznZ0-uRrG_5NNdUHgAAABL8we5AACJ1AznZ0-uRrG_5NNdUHgAAAB8evILAAA=,Jonas Retest PO 04749,2026-07-21T07:48:11Z,FOLDER_MOVED,,2026-07-21 09:27:35,2026-07-22 19:35:40,po-04749-revised item 1_aamkagez.pdf,,,,1,,,
AAMkAGEzNTJjNTY1LTAxZjctNGU1My04ZDFkLTBkMTJlZGE0YTUzMwBGAAAAAAC7qJY7ZJJBT5IP79n-R0j-BwCJ1AznZ0-uRrG_5NNdUHgAAABL8we5AACJ1AznZ0-uRrG_5NNdUHgAAAB8evIKAAA=,RETEST : 460031761,2026-07-21T03:11:27Z,FOLDER_MOVED,,2026-07-21 06:59:16,2026-07-21 07:05:17,460031761 pocan bf4239-700350 s103.pdf,,,,1,,,
AAMkAGEzNTJjNTY1LTAxZjctNGU1My04ZDFkLTBkMTJlZGE0YTUzMwBGAAAAAAC7qJY7ZJJBT5IP79n-R0j-BwCJ1AznZ0-uRrG_5NNdUHgAAABL8we5AACJ1AznZ0-uRrG_5NNdUHgAAAB8evIJAAA=,Jonas retest : PO 11750120,2026-07-21T03:31:27Z,FOLDER_MOVED,,2026-07-21 06:59:12,2026-07-21 07:05:17,purchase order  (11750120).pdf,,,,1,,,
AAMkAGEzNTJjNTY1LTAxZjctNGU1My04ZDFkLTBkMTJlZGE0YTUzMwBGAAAAAAC7qJY7ZJJBT5IP79n-R0j-BwCJ1AznZ0-uRrG_5NNdUHgAAABL8we5AACJ1AznZ0-uRrG_5NNdUHgAAAB8evIIAAA=,Jonas retest : PO 11923197,2026-07-21T03:32:07Z,ROBONA_SENT,,2026-07-21 06:59:08,2026-07-27 12:18:09,purchase order  (11923197).pdf,,,,1,,,
AAMkAGEzNTJjNTY1LTAxZjctNGU1My04ZDFkLTBkMTJlZGE0YTUzMwBGAAAAAAC7qJY7ZJJBT5IP79n-R0j-BwCJ1AznZ0-uRrG_5NNdUHgAAABL8we5AACJ1AznZ0-uRrG_5NNdUHgAAAB8evIHAAA=,Jonas retest PO-04749-REVISED ITEM1,2026-07-21T03:34:07Z,PENDING_STAGE2,,2026-07-21 06:59:04,2026-07-22 19:35:39,po-04749-revised item 1_aamkagez.pdf,,,,1,,,
AAMkAGEzNTJjNTY1LTAxZjctNGU1My04ZDFkLTBkMTJlZGE0YTUzMwBGAAAAAAC7qJY7ZJJBT5IP79n-R0j-BwCJ1AznZ0-uRrG_5NNdUHgAAABL8we5AACJ1AznZ0-uRrG_5NNdUHgAAAB8evIGAAA=,Jonas test PO: PO-04900,2026-07-21T03:46:23Z,PENDING_STAGE2,,2026-07-21 06:58:59,2026-07-22 19:35:39,po-04900 envalior.pdf,,,,1,,,
AAMkAGEzNTJjNTY1LTAxZjctNGU1My04ZDFkLTBkMTJlZGE0YTUzMwBGAAAAAAC7qJY7ZJJBT5IP79n-R0j-BwCJ1AznZ0-uRrG_5NNdUHgAAABL8we5AACJ1AznZ0-uRrG_5NNdUHgAAAB8evIFAAA=,New po ,2026-07-21T06:04:52Z,FOLDER_MOVED,,2026-07-21 06:58:47,2026-07-21 07:05:15,300045803.pdf,,,,1,,,
AAMkAGEzNTJjNTY1LTAxZjctNGU1My04ZDFkLTBkMTJlZGE0YTUzMwBGAAAAAAC7qJY7ZJJBT5IP79n-R0j-BwCJ1AznZ0-uRrG_5NNdUHgAAABL8we5AACJ1AznZ0-uRrG_5NNdUHgAAAB8evIEAAA=,NEw po ,2026-07-21T06:56:37Z,FOLDER_MOVED,,2026-07-21 06:58:43,2026-07-21 07:05:14,2415935002.pdf,,,,1,,,
AAMkAGEzNTJjNTY1LTAxZjctNGU1My04ZDFkLTBkMTJlZGE0YTUzMwBGAAAAAAC7qJY7ZJJBT5IP79n-R0j-BwCJ1AznZ0-uRrG_5NNdUHgAAABL8we5AACJ1AznZ0-uRrG_5NNdUHgAAAB8evIDAAA=,PO,2026-07-20T11:12:08Z,FOLDER_MOVED,,2026-07-20 17:36:59,2026-07-20 17:44:41,import_po_m01y-010-05326009.pdf,,,,1,,,
AAMkAGEzNTJjNTY1LTAxZjctNGU1My04ZDFkLTBkMTJlZGE0YTUzMwBGAAAAAAC7qJY7ZJJBT5IP79n-R0j-BwCJ1AznZ0-uRrG_5NNdUHgAAABL8we5AACJ1AznZ0-uRrG_5NNdUHgAAAB8evICAAA=,new po,2026-07-20T17:26:45Z,FOLDER_MOVED,,2026-07-20 17:36:46,2026-07-20 17:53:31,300045803.pdf,,,,1,,,
AAMkAGEzNTJjNTY1LTAxZjctNGU1My04ZDFkLTBkMTJlZGE0YTUzMwBGAAAAAAC7qJY7ZJJBT5IP79n-R0j-BwCJ1AznZ0-uRrG_5NNdUHgAAABL8we5AACJ1AznZ0-uRrG_5NNdUHgAAAB8Up6EAAA=,Undeliverable: [PO Exception - DEFAULT] AI Processing Failed — envalior deutschland gmbh # 309 # (06.04.26).pdf,2026-07-17T17:48:43Z,FOLDER_MOVED,,2026-07-20 09:51:26,2026-07-20 09:58:59,,,,,1,,,
AAMkAGEzNTJjNTY1LTAxZjctNGU1My04ZDFkLTBkMTJlZGE0YTUzMwBGAAAAAAC7qJY7ZJJBT5IP79n-R0j-BwCJ1AznZ0-uRrG_5NNdUHgAAABL8we5AACJ1AznZ0-uRrG_5NNdUHgAAAB8Up6DAAA=,FW: Durethan BKV15 DUS 800 black 901510,2026-07-20T07:26:10Z,PENDING_STAGE2,,2026-07-20 09:51:20,2026-07-20 09:58:59,body_aamkagez_fw_ durethan bkv15 dus 800 black 901510.txt,,,,1,,,
AAMkAGEzNTJjNTY1LTAxZjctNGU1My04ZDFkLTBkMTJlZGE0YTUzMwBGAAAAAAC7qJY7ZJJBT5IP79n-R0j-BwCJ1AznZ0-uRrG_5NNdUHgAAABL8we5AACJ1AznZ0-uRrG_5NNdUHgAAAB8Up6CAAA=,FW: Envalior New order - 0001552110 (PO263152) for RADKA spol. s.r.o. Pardubice,2026-07-20T07:26:23Z,ROBONA_SENT,,2026-07-20 09:51:13,2026-07-20 10:45:48,body_aamkagez_fw_ envalior new order - 0001552110 (po263152) for radka spol. s.r.o. pardubice.txt,,,,1,,,
AAMkAGEzNTJjNTY1LTAxZjctNGU1My04ZDFkLTBkMTJlZGE0YTUzMwBGAAAAAAC7qJY7ZJJBT5IP79n-R0j-BwCJ1AznZ0-uRrG_5NNdUHgAAABL8we5AACJ1AznZ0-uRrG_5NNdUHgAAAB8Up6BAAA=,FW: NEW PO / SO#1552289,2026-07-20T07:26:44Z,ROBONA_SENT,,2026-07-20 09:51:10,2026-07-20 10:54:14,oa197442_envalior deutschland gmbh.pdf,,,,1,,,
AAMkAGEzNTJjNTY1LTAxZjctNGU1My04ZDFkLTBkMTJlZGE0YTUzMwBGAAAAAAC7qJY7ZJJBT5IP79n-R0j-BwCJ1AznZ0-uRrG_5NNdUHgAAABL8we5AACJ1AznZ0-uRrG_5NNdUHgAAAB8Up6AAAA=,PO 450012469+460031761,2026-07-20T08:00:49Z,ROBONA_SENT,,2026-07-20 09:51:03,2026-07-20 10:54:11,450012469 pocan.pdf,,,,1,,,
AAMkAGEzNTJjNTY1LTAxZjctNGU1My04ZDFkLTBkMTJlZGE0YTUzMwBGAAAAAAC7qJY7ZJJBT5IP79n-R0j-BwCJ1AznZ0-uRrG_5NNdUHgAAABL8we5AACJ1AznZ0-uRrG_5NNdUHgAAAB8Up5-AAA=,po,2026-07-20T08:11:24Z,ROBONA_SENT,,2026-07-20 09:50:59,2026-07-20 10:45:45,pa2026144 rev 1 envalior mixed.pdf,,,,1,,,
AAMkAGEzNTJjNTY1LTAxZjctNGU1My04ZDFkLTBkMTJlZGE0YTUzMwBGAAAAAAC7qJY7ZJJBT5IP79n-R0j-BwCJ1AznZ0-uRrG_5NNdUHgAAABL8we5AACJ1AznZ0-uRrG_5NNdUHgAAAB5XvC0AAA=,FW: VO-2026-311-000149 / FOR TESTING (Ralf) - after exception CMIR added and now resent,2026-07-15T05:57:52Z,FOLDER_MOVED,,2026-07-17 17:32:00,2026-07-17 17:48:56,vo-2026-311-000149.pdf,,,,1,,,
AAMkAGEzNTJjNTY1LTAxZjctNGU1My04ZDFkLTBkMTJlZGE0YTUzMwBGAAAAAAC7qJY7ZJJBT5IP79n-R0j-BwCJ1AznZ0-uRrG_5NNdUHgAAABL8we5AACJ1AznZ0-uRrG_5NNdUHgAAAB5XvCzAAA=,po,2026-07-16T12:57:42Z,ROBONA_SENT,,2026-07-17 17:31:34,2026-07-20 10:54:06,300045803.pdf,,,,1,,,
AAMkAGEzNTJjNTY1LTAxZjctNGU1My04ZDFkLTBkMTJlZGE0YTUzMwBGAAAAAAC7qJY7ZJJBT5IP79n-R0j-BwCJ1AznZ0-uRrG_5NNdUHgAAABL8we5AACJ1AznZ0-uRrG_5NNdUHgAAAB5XvCyAAA=,200017-550754_20260716150109.662_X.pdf,2026-07-16T15:03:02Z,ROBONA_SENT,,2026-07-17 17:31:31,2026-07-20 10:54:02,200017-550754_20260716150109.662_x.pdf,,,,1,,,
AAMkAGEzNTJjNTY1LTAxZjctNGU1My04ZDFkLTBkMTJlZGE0YTUzMwBGAAAAAAC7qJY7ZJJBT5IP79n-R0j-BwCJ1AznZ0-uRrG_5NNdUHgAAABL8we5AACJ1AznZ0-uRrG_5NNdUHgAAAB5XvCxAAA=,FW: TE200F8新增订单（10吨）,2026-07-16T15:29:25Z,FOLDER_MOVED,,2026-07-17 17:31:27,2026-07-17 17:48:55,te200f8新增订单.pdf,,,,1,,,
AAMkAGEzNTJjNTY1LTAxZjctNGU1My04ZDFkLTBkMTJlZGE0YTUzMwBGAAAAAAC7qJY7ZJJBT5IP79n-R0j-BwCJ1AznZ0-uRrG_5NNdUHgAAABL8we5AACJ1AznZ0-uRrG_5NNdUHgAAAB5XvCwAAA=,FW: 恩驊力 New Order 121080098129 test ,2026-07-16T15:38:06Z,ROBONA_SENT,,2026-07-17 17:31:23,2026-07-20 10:53:58,7dba81c3-caee-4880-9a80-e747fa72affe.pdf,,,,1,,,
AAMkAGEzNTJjNTY1LTAxZjctNGU1My04ZDFkLTBkMTJlZGE0YTUzMwBGAAAAAAC7qJY7ZJJBT5IP79n-R0j-BwCJ1AznZ0-uRrG_5NNdUHgAAABL8we5AACJ1AznZ0-uRrG_5NNdUHgAAAB5XvCvAAA=,po,2026-07-17T05:21:21Z,ROBONA_SENT,,2026-07-17 17:31:19,2026-07-20 10:45:41,pa2026144 rev 1 envalior mixed.pdf,,,,1,,,
AAMkAGEzNTJjNTY1LTAxZjctNGU1My04ZDFkLTBkMTJlZGE0YTUzMwBGAAAAAAC7qJY7ZJJBT5IP79n-R0j-BwCJ1AznZ0-uRrG_5NNdUHgAAABL8we5AACJ1AznZ0-uRrG_5NNdUHgAAAB5XvCuAAA=,FW: Megrendelés - 4800013671 // FOR TESTING (Ralf 2nd run),2026-07-17T11:32:11Z,FOLDER_MOVED,,2026-07-17 17:31:14,2026-07-17 17:48:54,envalior-2026-04-13.pdf,,,,1,,,
AAMkAGEzNTJjNTY1LTAxZjctNGU1My04ZDFkLTBkMTJlZGE0YTUzMwBGAAAAAAC7qJY7ZJJBT5IP79n-R0j-BwCJ1AznZ0-uRrG_5NNdUHgAAABL8we5AACJ1AznZ0-uRrG_5NNdUHgAAAB5XvCtAAA=,FW: 852915: PA6GF30 Durethan BKV30 H2.0 901510 black FOR TESTING (Ralf 2nd run),2026-07-17T11:32:32Z,FOLDER_MOVED,,2026-07-17 17:31:11,2026-07-17 17:48:54,852915 envalior.pdf,,,,1,,,
AAMkAGEzNTJjNTY1LTAxZjctNGU1My04ZDFkLTBkMTJlZGE0YTUzMwBGAAAAAAC7qJY7ZJJBT5IP79n-R0j-BwCJ1AznZ0-uRrG_5NNdUHgAAABL8we5AACJ1AznZ0-uRrG_5NNdUHgAAAB5XvCsAAA=,FW: cerere of de pret // FOR TESTING (Ralf 2nd run),2026-07-17T11:32:47Z,FOLDER_MOVED,,2026-07-17 17:31:04,2026-07-17 17:48:54,image009.png,,,,1,,,
AAMkAGEzNTJjNTY1LTAxZjctNGU1My04ZDFkLTBkMTJlZGE0YTUzMwBGAAAAAAC7qJY7ZJJBT5IP79n-R0j-BwCJ1AznZ0-uRrG_5NNdUHgAAABL8we5AACJ1AznZ0-uRrG_5NNdUHgAAAB5XvCrAAA=,Christian 1,2026-07-17T11:32:54Z,ROBONA_SENT,,2026-07-17 17:31:00,2026-07-20 10:53:53,purchase order - 130004813.pdf,,,,1,,,
AAMkAGEzNTJjNTY1LTAxZjctNGU1My04ZDFkLTBkMTJlZGE0YTUzMwBGAAAAAAC7qJY7ZJJBT5IP79n-R0j-BwCJ1AznZ0-uRrG_5NNdUHgAAABL8we5AACJ1AznZ0-uRrG_5NNdUHgAAAB5XvCqAAA=,FW: Request for Support on PA66 Raw Material Supply_2026_02_12 // FOR TESTING - hard one  (Ralf 2nd run),2026-07-17T11:33:06Z,PENDING_STAGE2,,2026-07-17 17:30:56,2026-07-17 17:48:53,20260212143145.pdf,,,,1,,,
AAMkAGEzNTJjNTY1LTAxZjctNGU1My04ZDFkLTBkMTJlZGE0YTUzMwBGAAAAAAC7qJY7ZJJBT5IP79n-R0j-BwCJ1AznZ0-uRrG_5NNdUHgAAABL8we5AACJ1AznZ0-uRrG_5NNdUHgAAAB5XvCpAAA=,FW: Új rendelés Siroma Plast SZM260565 (MPA0267A) // FOR TESTING (Ralf 2nd run),2026-07-17T11:33:18Z,ROBONA_SENT,,2026-07-17 17:30:52,2026-07-20 10:53:49,szm260565.pdf,,,,1,,,
AAMkAGEzNTJjNTY1LTAxZjctNGU1My04ZDFkLTBkMTJlZGE0YTUzMwBGAAAAAAC7qJY7ZJJBT5IP79n-R0j-BwCJ1AznZ0-uRrG_5NNdUHgAAABL8we5AACJ1AznZ0-uRrG_5NNdUHgAAAB5XvCoAAA=,FW: New Order PO 309 // FOR TESTING (Ralf 2nd run),2026-07-17T11:36:26Z,FOLDER_MOVED,,2026-07-17 17:30:48,2026-07-17 17:48:52,envalior deutschland gmbh # 309 # (06.04.26).pdf,,,,1,,,
AAMkAGEzNTJjNTY1LTAxZjctNGU1My04ZDFkLTBkMTJlZGE0YTUzMwBGAAAAAAC7qJY7ZJJBT5IP79n-R0j-BwCJ1AznZ0-uRrG_5NNdUHgAAABL8we5AACJ1AznZ0-uRrG_5NNdUHgAAAB5XvCnAAA=,FW: FOR TESTING: 1534916_: PO 10260859 Gaudlitz Precision s.r.o. (Ralf 2nd run),2026-07-17T11:36:42Z,FOLDER_MOVED,,2026-07-17 17:30:42,2026-07-17 17:48:51,body_aamkagez_fw_ for testing_ 1534916__ po 10260859 gaudlitz precision s.r.o. (ralf 2nd run).txt,,,,1,,,
AAMkAGEzNTJjNTY1LTAxZjctNGU1My04ZDFkLTBkMTJlZGE0YTUzMwBGAAAAAAC7qJY7ZJJBT5IP79n-R0j-BwCJ1AznZ0-uRrG_5NNdUHgAAABL8we5AACJ1AznZ0-uRrG_5NNdUHgAAAB5XvCmAAA=,FW: new order EB022692 - Arnite TV4 261/A mit 30% Glasfasern // FOR TESTING (Ralf 2nd run),2026-07-17T11:37:08Z,FOLDER_MOVED,,2026-07-17 17:30:39,2026-07-17 17:48:51,doc010626-01062026071456.pdf,,,,1,,,
AAMkAGEzNTJjNTY1LTAxZjctNGU1My04ZDFkLTBkMTJlZGE0YTUzMwBGAAAAAAC7qJY7ZJJBT5IP79n-R0j-BwCJ1AznZ0-uRrG_5NNdUHgAAABL8we5AACJ1AznZ0-uRrG_5NNdUHgAAAB5XvClAAA=,Christian 2,2026-07-17T11:38:15Z,ROBONA_SENT,,2026-07-17 17:30:34,2026-07-20 10:53:45,2415935002.pdf,,,,1,,,
AAMkAGEzNTJjNTY1LTAxZjctNGU1My04ZDFkLTBkMTJlZGE0YTUzMwBGAAAAAAC7qJY7ZJJBT5IP79n-R0j-BwCJ1AznZ0-uRrG_5NNdUHgAAABL8we5AACJ1AznZ0-uRrG_5NNdUHgAAAB5XvCkAAA=,Christian 3 - multi-item PO with Z01 setting,2026-07-17T11:58:19Z,ROBONA_SENT,,2026-07-17 17:30:28,2026-07-20 10:53:40,body_aamkagez_christian 3 - multi-item po with z01 setting.txt,,,,1,,,
AAMkAGEzNTJjNTY1LTAxZjctNGU1My04ZDFkLTBkMTJlZGE0YTUzMwBGAAAAAAC7qJY7ZJJBT5IP79n-R0j-BwCJ1AznZ0-uRrG_5NNdUHgAAABL8we5AACJ1AznZ0-uRrG_5NNdUHgAAAB5XvCjAAA=,Christian 4 - customer both in Sales org 2540 and 2545 + Italian date format,2026-07-17T12:03:48Z,ROBONA_SENT,,2026-07-17 17:30:25,2026-07-20 10:53:37,purchase order 7219763.pdf,,,,1,,,
AAMkAGEzNTJjNTY1LTAxZjctNGU1My04ZDFkLTBkMTJlZGE0YTUzMwBGAAAAAAC7qJY7ZJJBT5IP79n-R0j-BwCJ1AznZ0-uRrG_5NNdUHgAAABL8we5AACJ1AznZ0-uRrG_5NNdUHgAAAB5XvCiAAA=,"Christian 5 - No material description on PO, only in email text and CMIR + separate document attached (no PO)",2026-07-17T12:11:00Z,FOLDER_MOVED,,2026-07-17 17:30:16,2026-07-17 17:48:50,"body_aamkagez_christian 5 - no material description on po, only in email text and cmir + separ.txt",,,,1,,,
AAMkAGEzNTJjNTY1LTAxZjctNGU1My04ZDFkLTBkMTJlZGE0YTUzMwBGAAAAAAC7qJY7ZJJBT5IP79n-R0j-BwCJ1AznZ0-uRrG_5NNdUHgAAABL8we5AACJ1AznZ0-uRrG_5NNdUHgAAAB5XvChAAA=,"Christian 6 - customer uses term ""lead time"" instead of ""delivery date""",2026-07-17T12:15:06Z,FOLDER_MOVED,,2026-07-17 17:30:10,2026-07-17 17:48:49,body_aamkagez_christian 6 - customer uses term _lead time_ instead of _delivery date_.txt,,,,1,,,
AAMkAGEzNTJjNTY1LTAxZjctNGU1My04ZDFkLTBkMTJlZGE0YTUzMwBGAAAAAAC7qJY7ZJJBT5IP79n-R0j-BwCJ1AznZ0-uRrG_5NNdUHgAAABL8we5AACJ1AznZ0-uRrG_5NNdUHgAAAB5XvCgAAA=,Christian 7 - PO as non-editable PDF + MOQ violation (MOQ = 3 pallets),2026-07-17T12:22:45Z,ROBONA_SENT,,2026-07-17 17:30:06,2026-07-20 10:53:33,"bestellung;72367555 (infor as, mc).pdf",,,,1,,,
AAMkAGEzNTJjNTY1LTAxZjctNGU1My04ZDFkLTBkMTJlZGE0YTUzMwBGAAAAAAC7qJY7ZJJBT5IP79n-R0j-BwCJ1AznZ0-uRrG_5NNdUHgAAABL8we5AACJ1AznZ0-uRrG_5NNdUHgAAAB5XvCfAAA=,"Christian 8 - 2 POs (one of them with two positions) + customer in Sales org 2500, 2540 and 2545",2026-07-17T12:28:06Z,ROBONA_SENT,,2026-07-17 17:30:00,2026-07-20 10:53:29,133.pdf,,,,1,,,
AAMkAGEzNTJjNTY1LTAxZjctNGU1My04ZDFkLTBkMTJlZGE0YTUzMwBGAAAAAAC7qJY7ZJJBT5IP79n-R0j-BwCJ1AznZ0-uRrG_5NNdUHgAAABL8we5AACJ1AznZ0-uRrG_5NNdUHgAAAB5XvCeAAA=,Christian 9 - only place name of Ship-to mentioned + customer in Sales org 2540 + 2545 ,2026-07-17T12:34:48Z,ROBONA_SENT,,2026-07-17 17:29:55,2026-07-20 10:53:26,55138.pdf,,,,1,,,
AAMkAGEzNTJjNTY1LTAxZjctNGU1My04ZDFkLTBkMTJlZGE0YTUzMwBGAAAAAAC7qJY7ZJJBT5IP79n-R0j-BwCJ1AznZ0-uRrG_5NNdUHgAAABL8we5AACJ1AznZ0-uRrG_5NNdUHgAAAB5XvCdAAA=,Christian 10 - ZKB order,2026-07-17T12:37:58Z,ROBONA_SENT,,2026-07-17 17:29:52,2026-07-20 10:53:20,4501472708.pdf,,,,1,,,
AAMkAGEzNTJjNTY1LTAxZjctNGU1My04ZDFkLTBkMTJlZGE0YTUzMwBGAAAAAAC7qJY7ZJJBT5IP79n-R0j-BwCJ1AznZ0-uRrG_5NNdUHgAAABL8we5AACJ1AznZ0-uRrG_5NNdUHgAAAB5XvCcAAA=,FW: 海星 2700,2026-07-17T13:22:45Z,FOLDER_MOVED,,2026-07-17 17:29:38,2026-07-17 17:48:47,h264561-hsd-260512.pdf,,,,1,,,
AAMkAGEzNTJjNTY1LTAxZjctNGU1My04ZDFkLTBkMTJlZGE0YTUzMwBGAAAAAAC7qJY7ZJJBT5IP79n-R0j-BwCJ1AznZ0-uRrG_5NNdUHgAAABL8we5AACJ1AznZ0-uRrG_5NNdUHgAAAB5XvCbAAA=,FW: 海星 2701,2026-07-17T13:22:53Z,FOLDER_MOVED,,2026-07-17 17:29:24,2026-07-17 17:48:47,h266864-hey-260616.pdf,,,,1,,,
AAMkAGEzNTJjNTY1LTAxZjctNGU1My04ZDFkLTBkMTJlZGE0YTUzMwBGAAAAAAC7qJY7ZJJBT5IP79n-R0j-BwCJ1AznZ0-uRrG_5NNdUHgAAABL8we5AACJ1AznZ0-uRrG_5NNdUHgAAAB5XvCaAAA=,FW: 恩驊力 New Order 121010075201,2026-07-16T08:36:27Z,FOLDER_MOVED,,2026-07-16 12:19:36,2026-07-16 12:24:24,def773fc-8c4b-439e-b916-15458442e7db.pdf,,,,1,,,
AAMkAGEzNTJjNTY1LTAxZjctNGU1My04ZDFkLTBkMTJlZGE0YTUzMwBGAAAAAAC7qJY7ZJJBT5IP79n-R0j-BwCJ1AznZ0-uRrG_5NNdUHgAAABL8we5AACJ1AznZ0-uRrG_5NNdUHgAAAB5XvCZAAA=,FW: RE: 采购订单 宁波奔旭 BX2026070901,2026-07-16T12:00:58Z,ROBONA_SENT,,2026-07-16 12:19:32,2026-07-20 10:53:16,bx2026070901 奔旭精密科技（宁波）有限公司.pdf,,,,1,,,
AAMkAGEzNTJjNTY1LTAxZjctNGU1My04ZDFkLTBkMTJlZGE0YTUzMwBGAAAAAAC7qJY7ZJJBT5IP79n-R0j-BwCJ1AznZ0-uRrG_5NNdUHgAAABL8we5AACJ1AznZ0-uRrG_5NNdUHgAAAB5XvCYAAA=,new po ,2026-07-16T12:16:52Z,ROBONA_SENT,,2026-07-16 12:19:20,2026-07-20 10:53:11,300045803.pdf,,,,1,,,
AAMkAGEzNTJjNTY1LTAxZjctNGU1My04ZDFkLTBkMTJlZGE0YTUzMwBGAAAAAAC7qJY7ZJJBT5IP79n-R0j-BwCJ1AznZ0-uRrG_5NNdUHgAAABL8we5AACJ1AznZ0-uRrG_5NNdUHgAAAB5XvCXAAA=,new po ,2026-07-16T07:12:42Z,ROBONA_SENT,,2026-07-16 07:17:01,2026-07-16 09:33:43,nueva po r205614 - envalior (1) (1).pdf,,,,1,,,
AAMkAGEzNTJjNTY1LTAxZjctNGU1My04ZDFkLTBkMTJlZGE0YTUzMwBGAAAAAAC7qJY7ZJJBT5IP79n-R0j-BwCJ1AznZ0-uRrG_5NNdUHgAAABL8we5AACJ1AznZ0-uRrG_5NNdUHgAAAB5XvCWAAA=,new po ,2026-07-16T07:12:46Z,ROBONA_SENT,,2026-07-16 07:16:54,2026-07-20 10:45:37,4504163221_20260716060400.470_x.pdf,,,,1,,,
AAMkAGEzNTJjNTY1LTAxZjctNGU1My04ZDFkLTBkMTJlZGE0YTUzMwBGAAAAAAC7qJY7ZJJBT5IP79n-R0j-BwCJ1AznZ0-uRrG_5NNdUHgAAABL8we5AACJ1AznZ0-uRrG_5NNdUHgAAAB5XvCVAAA=,new po ,2026-07-16T07:14:50Z,ROBONA_SENT,,2026-07-16 07:16:48,2026-07-16 09:33:40,460031761 pocan bf4239-700350 s103 (1).pdf,,,,1,,,
AAMkAGEzNTJjNTY1LTAxZjctNGU1My04ZDFkLTBkMTJlZGE0YTUzMwBGAAAAAAC7qJY7ZJJBT5IP79n-R0j-BwCJ1AznZ0-uRrG_5NNdUHgAAABL8we5AACJ1AznZ0-uRrG_5NNdUHgAAAB5XvCUAAA=,FW: Envalior New order - 0001552110 (PO263152) for RADKA spol. s.r.o. Pardubice,2026-07-16T05:58:29Z,ROBONA_SENT,,2026-07-16 06:09:17,2026-07-16 09:33:37,body_aamkagez_fw_ envalior new order - 0001552110 (po263152) for radka spol. s.r.o. pardubice.txt,,,,1,,,
AAMkAGEzNTJjNTY1LTAxZjctNGU1My04ZDFkLTBkMTJlZGE0YTUzMwBGAAAAAAC7qJY7ZJJBT5IP79n-R0j-BwCJ1AznZ0-uRrG_5NNdUHgAAABL8we5AACJ1AznZ0-uRrG_5NNdUHgAAAB5XvCTAAA=,FW: Durethan BKV15 DUS 800 black 901510,2026-07-16T05:58:49Z,PENDING_STAGE2,,2026-07-16 06:09:11,2026-07-16 06:17:33,body_aamkagez_fw_ durethan bkv15 dus 800 black 901510.txt,,,,1,,,
AAMkAGEzNTJjNTY1LTAxZjctNGU1My04ZDFkLTBkMTJlZGE0YTUzMwBGAAAAAAC7qJY7ZJJBT5IP79n-R0j-BwCJ1AznZ0-uRrG_5NNdUHgAAABL8we5AACJ1AznZ0-uRrG_5NNdUHgAAAB5XvCSAAA=,UAT for Japan  4020013043  BANDO KAGAKU 20260716-01,2026-07-16T06:06:26Z,FOLDER_MOVED,,2026-07-16 06:09:07,2026-07-16 06:17:33,4504163221_20260716060400.470_x.pdf,,,,1,,,
AAMkAGEzNTJjNTY1LTAxZjctNGU1My04ZDFkLTBkMTJlZGE0YTUzMwBGAAAAAAC7qJY7ZJJBT5IP79n-R0j-BwCJ1AznZ0-uRrG_5NNdUHgAAABL8we5AACJ1AznZ0-uRrG_5NNdUHgAAAB46inrAAA=,PO 11923197,2026-07-15T05:54:31Z,ROBONA_SENT,,2026-07-15 06:20:58,2026-07-27 12:18:03,purchase order  (11923197).pdf,,,,1,,,
AAMkAGEzNTJjNTY1LTAxZjctNGU1My04ZDFkLTBkMTJlZGE0YTUzMwBGAAAAAAC7qJY7ZJJBT5IP79n-R0j-BwCJ1AznZ0-uRrG_5NNdUHgAAABL8we5AACJ1AznZ0-uRrG_5NNdUHgAAAB46inqAAA=,PO 11750120,2026-07-15T05:57:17Z,FOLDER_MOVED,,2026-07-15 06:20:54,2026-07-15 06:30:27,purchase order  (11750120).pdf,,,,1,,,
AAMkAGEzNTJjNTY1LTAxZjctNGU1My04ZDFkLTBkMTJlZGE0YTUzMwBGAAAAAAC7qJY7ZJJBT5IP79n-R0j-BwCJ1AznZ0-uRrG_5NNdUHgAAABL8we5AACJ1AznZ0-uRrG_5NNdUHgAAAB46inpAAA=,FW: Yeni sipariş: 1002134183  // FOR TESTING (Ralf),2026-07-15T05:57:27Z,ROBONA_SENT,,2026-07-15 06:20:50,2026-07-16 09:33:33,po_1002134183.pdf,,,,1,,,
AAMkAGEzNTJjNTY1LTAxZjctNGU1My04ZDFkLTBkMTJlZGE0YTUzMwBGAAAAAAC7qJY7ZJJBT5IP79n-R0j-BwCJ1AznZ0-uRrG_5NNdUHgAAABL8we5AACJ1AznZ0-uRrG_5NNdUHgAAAB46inoAAA=,FW: BAP SK/ PO 4500090003 FOR TESTING (Ralf),2026-07-15T05:57:42Z,ROBONA_SENT,,2026-07-15 06:20:46,2026-07-16 09:33:30,po 4500090003.pdf,,,,1,,,
AAMkAGEzNTJjNTY1LTAxZjctNGU1My04ZDFkLTBkMTJlZGE0YTUzMwBGAAAAAAC7qJY7ZJJBT5IP79n-R0j-BwCJ1AznZ0-uRrG_5NNdUHgAAABL8we5AACJ1AznZ0-uRrG_5NNdUHgAAAB46innAAA=,FW: VO-2026-311-000149 / FOR TESTING (Ralf),2026-07-15T05:57:52Z,FOLDER_MOVED,,2026-07-15 06:20:42,2026-07-15 06:30:26,vo-2026-311-000149.pdf,,,,1,,,
AAMkAGEzNTJjNTY1LTAxZjctNGU1My04ZDFkLTBkMTJlZGE0YTUzMwBGAAAAAAC7qJY7ZJJBT5IP79n-R0j-BwCJ1AznZ0-uRrG_5NNdUHgAAABL8we5AACJ1AznZ0-uRrG_5NNdUHgAAAB46inmAAA=,FW: Durethan BKV 30 FN04 901510 - for TESTING (Ralf),2026-07-15T05:58:07Z,ROBONA_SENT,,2026-07-15 06:20:38,2026-07-16 09:33:27,4500029652 envalior.pdf,,,,1,,,
AAMkAGEzNTJjNTY1LTAxZjctNGU1My04ZDFkLTBkMTJlZGE0YTUzMwBGAAAAAAC7qJY7ZJJBT5IP79n-R0j-BwCJ1AznZ0-uRrG_5NNdUHgAAABL8we5AACJ1AznZ0-uRrG_5NNdUHgAAAB46inlAAA=,FW: New order 4500090052 // FOR TESTING (Ralf),2026-07-15T05:58:28Z,ROBONA_SENT,,2026-07-15 06:20:35,2026-07-16 09:33:23,4500090052.pdf,,,,1,,,
AAMkAGEzNTJjNTY1LTAxZjctNGU1My04ZDFkLTBkMTJlZGE0YTUzMwBGAAAAAAC7qJY7ZJJBT5IP79n-R0j-BwCJ1AznZ0-uRrG_5NNdUHgAAABL8we5AACJ1AznZ0-uRrG_5NNdUHgAAAB46inkAAA=,PO,2026-07-15T05:59:29Z,FOLDER_MOVED,,2026-07-15 06:20:30,2026-07-15 06:30:25,po-04749-revised item 1.pdf,,,,1,,,
AAMkAGEzNTJjNTY1LTAxZjctNGU1My04ZDFkLTBkMTJlZGE0YTUzMwBGAAAAAAC7qJY7ZJJBT5IP79n-R0j-BwCJ1AznZ0-uRrG_5NNdUHgAAABL8we5AACJ1AznZ0-uRrG_5NNdUHgAAAB3jGGmAAA=,PO,2026-07-14T05:57:45Z,FOLDER_MOVED,,2026-07-14 06:04:59,2026-07-14 06:07:06,케이에스테크 po 1000kg.pdf,,,,1,,,
AAMkAGEzNTJjNTY1LTAxZjctNGU1My04ZDFkLTBkMTJlZGE0YTUzMwBGAAAAAAC7qJY7ZJJBT5IP79n-R0j-BwCJ1AznZ0-uRrG_5NNdUHgAAABL8we5AACJ1AznZ0-uRrG_5NNdUHgAAAB3jGGkAAA=,Undeliverable: [PO Exception - DEFAULT] AI Processing Failed — body_aamkagez_so & obd required - jai ganesh.txt,2026-07-14T05:45:16Z,FOLDER_MOVED,,2026-07-14 05:52:45,2026-07-14 06:00:27,,,,,1,,,
AAMkAGEzNTJjNTY1LTAxZjctNGU1My04ZDFkLTBkMTJlZGE0YTUzMwBGAAAAAAC7qJY7ZJJBT5IP79n-R0j-BwCJ1AznZ0-uRrG_5NNdUHgAAABL8we5AACJ1AznZ0-uRrG_5NNdUHgAAAB3jGGlAAA=,AS-20260301,2026-07-14T05:44:58Z,ROBONA_SENT,,2026-07-14 05:52:45,2026-07-16 09:33:20,as-20260301 (envalior jiangsu).pdf,,,,1,,,
AAMkAGEzNTJjNTY1LTAxZjctNGU1My04ZDFkLTBkMTJlZGE0YTUzMwBGAAAAAAC7qJY7ZJJBT5IP79n-R0j-BwCJ1AznZ0-uRrG_5NNdUHgAAABL8we5AACJ1AznZ0-uRrG_5NNdUHgAAAB3jGGjAAA=,Our New PO 202651204,2026-07-14T05:45:50Z,ROBONA_SENT,,2026-07-14 05:52:41,2026-07-16 09:33:17,202651204.pdf,,,,1,,,
AAMkAGEzNTJjNTY1LTAxZjctNGU1My04ZDFkLTBkMTJlZGE0YTUzMwBGAAAAAAC7qJY7ZJJBT5IP79n-R0j-BwCJ1AznZ0-uRrG_5NNdUHgAAABL8we5AACJ1AznZ0-uRrG_5NNdUHgAAAB3jGGiAAA=,NEW PO CSG0152080 / CVN0107413 TO BAC KY GWH,2026-07-14T05:47:10Z,FOLDER_MOVED,,2026-07-14 05:52:27,2026-07-14 06:00:26,si csg0152080.pdf,,,,1,,,
AAMkAGEzNTJjNTY1LTAxZjctNGU1My04ZDFkLTBkMTJlZGE0YTUzMwBGAAAAAAC7qJY7ZJJBT5IP79n-R0j-BwCJ1AznZ0-uRrG_5NNdUHgAAABL8we5AACJ1AznZ0-uRrG_5NNdUHgAAAB3jGGhAAA=,new po,2026-07-13T20:23:41Z,ROBONA_SENT,,2026-07-14 05:43:01,2026-07-27 12:17:55,302323-amp.pdf,,,,1,,,
AAMkAGEzNTJjNTY1LTAxZjctNGU1My04ZDFkLTBkMTJlZGE0YTUzMwBGAAAAAAC7qJY7ZJJBT5IP79n-R0j-BwCJ1AznZ0-uRrG_5NNdUHgAAABL8we5AACJ1AznZ0-uRrG_5NNdUHgAAAB3jGGgAAA=,new po file lbs one,2026-07-13T21:23:02Z,ROBONA_SENT,,2026-07-14 05:42:57,2026-07-16 09:33:13,dep_purchord_material.pdf,,,,1,,,
AAMkAGEzNTJjNTY1LTAxZjctNGU1My04ZDFkLTBkMTJlZGE0YTUzMwBGAAAAAAC7qJY7ZJJBT5IP79n-R0j-BwCJ1AznZ0-uRrG_5NNdUHgAAABL8we5AACJ1AznZ0-uRrG_5NNdUHgAAAB3jGGfAAA=,NEW po ,2026-07-14T05:40:35Z,PENDING_STAGE2,,2026-07-14 05:42:54,2026-07-14 05:49:16,_dlh_purchord (1).pdf,,,,1,,,
AAMkAGEzNTJjNTY1LTAxZjctNGU1My04ZDFkLTBkMTJlZGE0YTUzMwBGAAAAAAC7qJY7ZJJBT5IP79n-R0j-BwCJ1AznZ0-uRrG_5NNdUHgAAABL8we5AACJ1AznZ0-uRrG_5NNdUHgAAAB3jGGeAAA=,NEW po ,2026-07-13T19:01:34Z,ROBONA_SENT,,2026-07-13 20:02:09,2026-07-14 07:00:52,purchase order 2434.pdf,,,,1,,,
AAMkAGEzNTJjNTY1LTAxZjctNGU1My04ZDFkLTBkMTJlZGE0YTUzMwBGAAAAAAC7qJY7ZJJBT5IP79n-R0j-BwCJ1AznZ0-uRrG_5NNdUHgAAABL8we5AACJ1AznZ0-uRrG_5NNdUHgAAAB3jGGdAAA=,new po ,2026-07-13T19:12:01Z,ROBONA_SENT,,2026-07-13 20:02:02,2026-07-14 07:00:48,450012469 pocan.pdf,,,,1,,,
AAMkAGEzNTJjNTY1LTAxZjctNGU1My04ZDFkLTBkMTJlZGE0YTUzMwBGAAAAAAC7qJY7ZJJBT5IP79n-R0j-BwCJ1AznZ0-uRrG_5NNdUHgAAABL8we5AACJ1AznZ0-uRrG_5NNdUHgAAAB3jGGcAAA=,new po,2026-07-13T19:37:25Z,ROBONA_SENT,,2026-07-13 20:01:58,2026-07-14 07:00:43,pa2026144 rev 1 envalior mixed.pdf,,,,1,,,
AAMkAGEzNTJjNTY1LTAxZjctNGU1My04ZDFkLTBkMTJlZGE0YTUzMwBGAAAAAAC7qJY7ZJJBT5IP79n-R0j-BwCJ1AznZ0-uRrG_5NNdUHgAAABL8we5AACJ1AznZ0-uRrG_5NNdUHgAAAB3jGGbAAA=,new po,2026-07-13T19:59:17Z,ROBONA_SENT,,2026-07-13 20:01:54,2026-07-14 07:00:39,079a.pdf,,,,1,,,
AAMkAGEzNTJjNTY1LTAxZjctNGU1My04ZDFkLTBkMTJlZGE0YTUzMwBGAAAAAAC7qJY7ZJJBT5IP79n-R0j-BwCJ1AznZ0-uRrG_5NNdUHgAAABL8we5AACJ1AznZ0-uRrG_5NNdUHgAAAB3jGGaAAA=,new po ,2026-07-13T18:48:40Z,ROBONA_SENT,,2026-07-13 18:51:21,2026-07-14 07:00:35,p213826 - envalior.pdf,,,,1,,,
AAMkAGEzNTJjNTY1LTAxZjctNGU1My04ZDFkLTBkMTJlZGE0YTUzMwBGAAAAAAC7qJY7ZJJBT5IP79n-R0j-BwCJ1AznZ0-uRrG_5NNdUHgAAABL8we5AACJ1AznZ0-uRrG_5NNdUHgAAAB3jGGZAAA=,FW: New PO2434,2026-07-13T07:06:57Z,FOLDER_MOVED,,2026-07-13 16:30:43,2026-07-13 16:39:44,image001.png,,,,1,,,
AAMkAGEzNTJjNTY1LTAxZjctNGU1My04ZDFkLTBkMTJlZGE0YTUzMwBGAAAAAAC7qJY7ZJJBT5IP79n-R0j-BwCJ1AznZ0-uRrG_5NNdUHgAAABL8we5AACJ1AznZ0-uRrG_5NNdUHgAAAB3jGGYAAA=,FW: New Order P213826 ,2026-07-13T07:07:14Z,FOLDER_MOVED,,2026-07-13 16:30:36,2026-07-13 16:39:43,body_aamkagez_fw_ new order p213826.txt,,,,1,,,
AAMkAGEzNTJjNTY1LTAxZjctNGU1My04ZDFkLTBkMTJlZGE0YTUzMwBGAAAAAAC7qJY7ZJJBT5IP79n-R0j-BwCJ1AznZ0-uRrG_5NNdUHgAAABL8we5AACJ1AznZ0-uRrG_5NNdUHgAAAB3jGGXAAA=,FW: ORDER NO P103510,2026-07-13T07:07:47Z,FOLDER_MOVED,,2026-07-13 16:30:33,2026-07-13 16:39:43,satınalma siparişi_p103510.pdf,,,,1,,,
AAMkAGEzNTJjNTY1LTAxZjctNGU1My04ZDFkLTBkMTJlZGE0YTUzMwBGAAAAAAC7qJY7ZJJBT5IP79n-R0j-BwCJ1AznZ0-uRrG_5NNdUHgAAABL8we5AACJ1AznZ0-uRrG_5NNdUHgAAAB3jGGWAAA=,FW: ITW_ENK_ORD_ 391767_26-07-13,2026-07-13T07:54:06Z,FOLDER_MOVED,,2026-07-13 16:30:27,2026-07-13 16:39:43,body_aamkagez_fw_ itw_enk_ord_ 391767_26-07-13.txt,,,,1,,,
AAMkAGEzNTJjNTY1LTAxZjctNGU1My04ZDFkLTBkMTJlZGE0YTUzMwBGAAAAAAC7qJY7ZJJBT5IP79n-R0j-BwCJ1AznZ0-uRrG_5NNdUHgAAABL8we5AACJ1AznZ0-uRrG_5NNdUHgAAAB3jGGVAAA=,FW: Hi Mango   新訂單煩請確認并幫忙入單  謝謝！-->回覆: ENVALIOR New Order 121020152933,2026-07-13T09:41:28Z,ROBONA_SENT,,2026-07-13 16:30:22,2026-07-14 07:00:31,c4ffd356-40bb-41e9-8115-269014d5b92d.pdf,,,,1,,,
AAMkAGEzNTJjNTY1LTAxZjctNGU1My04ZDFkLTBkMTJlZGE0YTUzMwBGAAAAAAC7qJY7ZJJBT5IP79n-R0j-BwCJ1AznZ0-uRrG_5NNdUHgAAABL8we5AACJ1AznZ0-uRrG_5NNdUHgAAAB3jGGUAAA=,FW: 恩驊力 New Order 121080108821,2026-07-13T10:22:11Z,PENDING_STAGE2,,2026-07-13 16:30:18,2026-07-13 16:39:42,eb64c858-c12f-442b-bc25-4903f43ad751.pdf,,,,1,,,
AAMkAGEzNTJjNTY1LTAxZjctNGU1My04ZDFkLTBkMTJlZGE0YTUzMwBGAAAAAAC7qJY7ZJJBT5IP79n-R0j-BwCJ1AznZ0-uRrG_5NNdUHgAAABL8we5AACJ1AznZ0-uRrG_5NNdUHgAAAB3jGGTAAA=,FW: NEW PO / SO#1552289,2026-07-13T11:43:14Z,ROBONA_SENT,,2026-07-13 16:30:14,2026-07-20 10:53:07,oa197442_envalior deutschland gmbh.pdf,,,,1,,,
AAMkAGEzNTJjNTY1LTAxZjctNGU1My04ZDFkLTBkMTJlZGE0YTUzMwBGAAAAAAC7qJY7ZJJBT5IP79n-R0j-BwCJ1AznZ0-uRrG_5NNdUHgAAABL8we5AACJ1AznZ0-uRrG_5NNdUHgAAAB3jGGSAAA=,SO & OBD required - Jai Ganesh,2026-07-10T11:29:51Z,FOLDER_MOVED,,2026-07-13 05:33:26,2026-07-13 05:40:19,body_aamkagez_so & obd required - jai ganesh.txt,,,,1,,,
AAMkAGEzNTJjNTY1LTAxZjctNGU1My04ZDFkLTBkMTJlZGE0YTUzMwBGAAAAAAC7qJY7ZJJBT5IP79n-R0j-BwCJ1AznZ0-uRrG_5NNdUHgAAABL8we5AACJ1AznZ0-uRrG_5NNdUHgAAAB3jGGQAAA=,Undeliverable: [PO Exception - DEFAULT] AI Processing Failed — body_aamkagez_fw_ june firm+ next 3 months  forecast_envalior lpm_domestic--motherson pondur.txt,2026-07-11T11:38:25Z,FOLDER_MOVED,,2026-07-13 05:33:25,2026-07-13 05:40:19,,,,,1,,,
AAMkAGEzNTJjNTY1LTAxZjctNGU1My04ZDFkLTBkMTJlZGE0YTUzMwBGAAAAAAC7qJY7ZJJBT5IP79n-R0j-BwCJ1AznZ0-uRrG_5NNdUHgAAABL8we5AACJ1AznZ0-uRrG_5NNdUHgAAAB3jGGRAAA=,Undeliverable: [PO Exception - DEFAULT] AI Processing Failed — body_aamkagez_fw_ june firm+ next 3 months  forecast_envalior lpm_domestic--motherson pondur.txt,2026-07-11T11:30:37Z,FOLDER_MOVED,,2026-07-13 05:33:25,2026-07-13 05:40:19,,,,,1,,,
AAMkAGEzNTJjNTY1LTAxZjctNGU1My04ZDFkLTBkMTJlZGE0YTUzMwBGAAAAAAC7qJY7ZJJBT5IP79n-R0j-BwCJ1AznZ0-uRrG_5NNdUHgAAABL8we5AACJ1AznZ0-uRrG_5NNdUHgAAAB3jGGPAAA=,UAT for Japan 20260713-01,2026-07-13T02:57:14Z,ROBONA_SENT,,2026-07-13 05:33:22,2026-07-14 07:00:27,molex+po1015132885_20260707_013755.pdf,,,,1,,,
AAMkAGEzNTJjNTY1LTAxZjctNGU1My04ZDFkLTBkMTJlZGE0YTUzMwBGAAAAAAC7qJY7ZJJBT5IP79n-R0j-BwCJ1AznZ0-uRrG_5NNdUHgAAABL8we5AACJ1AznZ0-uRrG_5NNdUHgAAAB3jGGOAAA=,PO PA2026144 REV 1,2026-07-13T03:17:06Z,FOLDER_MOVED,,2026-07-13 05:33:19,2026-07-13 05:40:18,pa2026144 rev 1 envalior mixed.pdf,,,,1,,,
AAMkAGEzNTJjNTY1LTAxZjctNGU1My04ZDFkLTBkMTJlZGE0YTUzMwBGAAAAAAC7qJY7ZJJBT5IP79n-R0j-BwCJ1AznZ0-uRrG_5NNdUHgAAABL8we5AACJ1AznZ0-uRrG_5NNdUHgAAAB3jGGNAAA=,PO 460031761 + 450012469,2026-07-13T03:17:26Z,FOLDER_MOVED,,2026-07-13 05:33:12,2026-07-13 05:40:18,460031761 pocan bf4239-700350 s103.pdf,,,,1,,,
AAMkAGEzNTJjNTY1LTAxZjctNGU1My04ZDFkLTBkMTJlZGE0YTUzMwBGAAAAAAC7qJY7ZJJBT5IP79n-R0j-BwCJ1AznZ0-uRrG_5NNdUHgAAABL8we5AACJ1AznZ0-uRrG_5NNdUHgAAAB3jGGMAAA=,PO 300045803  OP30001368  OP30001261,2026-07-13T03:17:45Z,ROBONA_SENT,,2026-07-13 05:32:54,2026-07-20 10:53:03,300045803.pdf,,,,1,,,
AAMkAGEzNTJjNTY1LTAxZjctNGU1My04ZDFkLTBkMTJlZGE0YTUzMwBGAAAAAAC7qJY7ZJJBT5IP79n-R0j-BwCJ1AznZ0-uRrG_5NNdUHgAAABL8we5AACJ1AznZ0-uRrG_5NNdUHgAAAB1earnAAA=,Fw: NEW Quicklinks tool - POs wanted,2026-07-09T22:07:39Z,FOLDER_MOVED,,2026-07-10 11:19:23,2026-07-10 11:30:11,,,,,1,,,
AAMkAGEzNTJjNTY1LTAxZjctNGU1My04ZDFkLTBkMTJlZGE0YTUzMwBGAAAAAAC7qJY7ZJJBT5IP79n-R0j-BwCJ1AznZ0-uRrG_5NNdUHgAAABL8we5AACJ1AznZ0-uRrG_5NNdUHgAAAB1earmAAA=,RE: Samples Required for UAT Testing – Touchless Order Creation,2026-07-10T06:49:01Z,FOLDER_MOVED,,2026-07-10 11:19:22,2026-07-10 11:30:11,,,,,1,,,
AAMkAGEzNTJjNTY1LTAxZjctNGU1My04ZDFkLTBkMTJlZGE0YTUzMwBGAAAAAAC7qJY7ZJJBT5IP79n-R0j-BwCJ1AznZ0-uRrG_5NNdUHgAAABL8we5AACJ1AznZ0-uRrG_5NNdUHgAAAB1earlAAA=,FW: EL-170626 Pocan AF4130 901510 (PBT+ASA)-GF30 FR(17) Bk,2026-07-10T06:49:38Z,FOLDER_MOVED,,2026-07-10 11:19:19,2026-07-10 11:30:11,body_aamkagez_fw_ el-170626 pocan af4130 901510 (pbt+asa)-gf30 fr(17) bk.txt,,,,1,,,
AAMkAGEzNTJjNTY1LTAxZjctNGU1My04ZDFkLTBkMTJlZGE0YTUzMwBGAAAAAAC7qJY7ZJJBT5IP79n-R0j-BwCJ1AznZ0-uRrG_5NNdUHgAAABL8we5AACJ1AznZ0-uRrG_5NNdUHgAAAB1earkAAA=,FW: Requirement For MM1 ,2026-07-10T06:49:57Z,FOLDER_MOVED,,2026-07-10 11:19:15,2026-07-10 11:30:10,body_aamkagez_fw_ requirement for mm1.txt,,,,1,,,
AAMkAGEzNTJjNTY1LTAxZjctNGU1My04ZDFkLTBkMTJlZGE0YTUzMwBGAAAAAAC7qJY7ZJJBT5IP79n-R0j-BwCJ1AznZ0-uRrG_5NNdUHgAAABL8we5AACJ1AznZ0-uRrG_5NNdUHgAAAB1earjAAA=,FW: Requirement For MM4 plant ,2026-07-10T06:50:20Z,FOLDER_MOVED,,2026-07-10 11:19:11,2026-07-10 11:30:10,body_aamkagez_fw_ requirement for mm4 plant.txt,,,,1,,,
AAMkAGEzNTJjNTY1LTAxZjctNGU1My04ZDFkLTBkMTJlZGE0YTUzMwBGAAAAAAC7qJY7ZJJBT5IP79n-R0j-BwCJ1AznZ0-uRrG_5NNdUHgAAABL8we5AACJ1AznZ0-uRrG_5NNdUHgAAAB1eariAAA=,PO COPY --TEKLIGHT,2026-07-10T06:54:22Z,FOLDER_MOVED,,2026-07-10 11:19:08,2026-07-10 11:30:09,079a.pdf,,,,1,,,
AAMkAGEzNTJjNTY1LTAxZjctNGU1My04ZDFkLTBkMTJlZGE0YTUzMwBGAAAAAAC7qJY7ZJJBT5IP79n-R0j-BwCJ1AznZ0-uRrG_5NNdUHgAAABL8we5AACJ1AznZ0-uRrG_5NNdUHgAAAB1earhAAA=,FW: Envalior // Monthly schedule - July 26,2026-07-10T06:55:10Z,FOLDER_MOVED,,2026-07-10 11:19:04,2026-07-10 11:30:09,body_aamkagez_fw_ june firm+ next 3 months  forecast_envalior lpm_domestic--motherson pondur.txt,,,,1,,,
AAMkAGEzNTJjNTY1LTAxZjctNGU1My04ZDFkLTBkMTJlZGE0YTUzMwBGAAAAAAC7qJY7ZJJBT5IP79n-R0j-BwCJ1AznZ0-uRrG_5NNdUHgAAABL8we5AACJ1AznZ0-uRrG_5NNdUHgAAAB1eargAAA=,RE: Samples Required for UAT Testing – Touchless Order Creation,2026-07-10T07:16:09Z,ROBONA_SENT,,2026-07-10 11:19:01,2026-07-14 07:00:23,po envailor.pdf,,,,1,,,
AAMkAGEzNTJjNTY1LTAxZjctNGU1My04ZDFkLTBkMTJlZGE0YTUzMwBGAAAAAAC7qJY7ZJJBT5IP79n-R0j-BwCJ1AznZ0-uRrG_5NNdUHgAAABL8we5AACJ1AznZ0-uRrG_5NNdUHgAAAB1earfAAA=,RE: Samples Required for UAT Testing – Touchless Order Creation,2026-07-10T07:18:22Z,FOLDER_MOVED,,2026-07-10 11:19:00,2026-07-10 11:30:08,,,,,1,,,
AAMkAGEzNTJjNTY1LTAxZjctNGU1My04ZDFkLTBkMTJlZGE0YTUzMwBGAAAAAAC7qJY7ZJJBT5IP79n-R0j-BwCJ1AznZ0-uRrG_5NNdUHgAAABL8we5AACJ1AznZ0-uRrG_5NNdUHgAAAB1eareAAA=,RE: RE: Samples Required for UAT Testing – Touchless Order Creation,2026-07-10T07:18:44Z,FOLDER_MOVED,,2026-07-10 11:18:57,2026-07-10 11:30:08,body_aamkagez_re_ re_ samples required for uat testing – touchless order creation.txt,,,,1,,,
AAMkAGEzNTJjNTY1LTAxZjctNGU1My04ZDFkLTBkMTJlZGE0YTUzMwBGAAAAAAC7qJY7ZJJBT5IP79n-R0j-BwCJ1AznZ0-uRrG_5NNdUHgAAABL8we5AACJ1AznZ0-uRrG_5NNdUHgAAAB1eardAAA=,RE: RE: Samples Required for UAT Testing – Touchless Order Creation,2026-07-10T07:20:04Z,FOLDER_MOVED,,2026-07-10 11:18:54,2026-07-10 11:30:07,body_aamkagez_re_ re_ samples required for uat testing – touchless order creation.txt,,,,1,,,
AAMkAGEzNTJjNTY1LTAxZjctNGU1My04ZDFkLTBkMTJlZGE0YTUzMwBGAAAAAAC7qJY7ZJJBT5IP79n-R0j-BwCJ1AznZ0-uRrG_5NNdUHgAAABL8we5AACJ1AznZ0-uRrG_5NNdUHgAAAB1earcAAA=,RE: RE: Samples Required for UAT Testing – Touchless Order Creation,2026-07-10T07:20:22Z,ROBONA_SENT,,2026-07-10 11:18:50,2026-07-14 07:00:19,po_4506130557.pdf,,,,1,,,
AAMkAGEzNTJjNTY1LTAxZjctNGU1My04ZDFkLTBkMTJlZGE0YTUzMwBGAAAAAAC7qJY7ZJJBT5IP79n-R0j-BwCJ1AznZ0-uRrG_5NNdUHgAAABL8we5AACJ1AznZ0-uRrG_5NNdUHgAAAB1earbAAA=, Samples Required for UAT Testing – Touchless Order Creation,2026-07-10T07:24:08Z,FOLDER_MOVED,,2026-07-10 11:18:47,2026-07-10 11:30:06,pono -16.pdf,,,,1,,,
AAMkAGEzNTJjNTY1LTAxZjctNGU1My04ZDFkLTBkMTJlZGE0YTUzMwBGAAAAAAC7qJY7ZJJBT5IP79n-R0j-BwCJ1AznZ0-uRrG_5NNdUHgAAABL8we5AACJ1AznZ0-uRrG_5NNdUHgAAAB1earaAAA=,RE:  Samples Required for UAT Testing – Touchless Order Creation,2026-07-10T07:24:48Z,FOLDER_MOVED,,2026-07-10 11:18:46,2026-07-10 11:30:06,,,,,1,,,
AAMkAGEzNTJjNTY1LTAxZjctNGU1My04ZDFkLTBkMTJlZGE0YTUzMwBGAAAAAAC7qJY7ZJJBT5IP79n-R0j-BwCJ1AznZ0-uRrG_5NNdUHgAAABL8we5AACJ1AznZ0-uRrG_5NNdUHgAAAB1earZAAA=,RE:  Samples Required for UAT Testing – Touchless Order Creation,2026-07-10T07:25:11Z,FOLDER_MOVED,,2026-07-10 11:18:42,2026-07-10 11:30:05,body_aamkagez_re_  samples required for uat testing – touchless order creation.txt,,,,1,,,
AAMkAGEzNTJjNTY1LTAxZjctNGU1My04ZDFkLTBkMTJlZGE0YTUzMwBGAAAAAAC7qJY7ZJJBT5IP79n-R0j-BwCJ1AznZ0-uRrG_5NNdUHgAAABL8we5AACJ1AznZ0-uRrG_5NNdUHgAAAB1earYAAA=,RE:  Samples Required for UAT Testing – Touchless Order Creation,2026-07-10T07:25:46Z,FOLDER_MOVED,,2026-07-10 11:18:39,2026-07-10 11:30:05,body_aamkagez_re_  samples required for uat testing – touchless order creation.txt,,,,1,,,
AAMkAGEzNTJjNTY1LTAxZjctNGU1My04ZDFkLTBkMTJlZGE0YTUzMwBGAAAAAAC7qJY7ZJJBT5IP79n-R0j-BwCJ1AznZ0-uRrG_5NNdUHgAAABL8we5AACJ1AznZ0-uRrG_5NNdUHgAAAB1earXAAA=,RE:  Samples Required for UAT Testing – Touchless Order Creation,2026-07-10T07:26:23Z,FOLDER_MOVED,,2026-07-10 11:18:33,2026-07-10 11:30:05,body_aamkagez_re_  samples required for uat testing – touchless order creation.txt,,,,1,,,
AAMkAGEzNTJjNTY1LTAxZjctNGU1My04ZDFkLTBkMTJlZGE0YTUzMwBGAAAAAAC7qJY7ZJJBT5IP79n-R0j-BwCJ1AznZ0-uRrG_5NNdUHgAAABL8we5AACJ1AznZ0-uRrG_5NNdUHgAAAB1earWAAA=,FW: June firm+ next 3 months  forecast/Envalior LPM/Domestic--Motherson pondur,2026-07-10T07:26:55Z,FOLDER_MOVED,,2026-07-10 11:18:28,2026-07-10 11:30:04,body_aamkagez_fw_ june firm+ next 3 months  forecast_envalior lpm_domestic--motherson pondur.txt,,,,1,,,
AAMkAGEzNTJjNTY1LTAxZjctNGU1My04ZDFkLTBkMTJlZGE0YTUzMwBGAAAAAAC7qJY7ZJJBT5IP79n-R0j-BwCJ1AznZ0-uRrG_5NNdUHgAAABL8we5AACJ1AznZ0-uRrG_5NNdUHgAAAB1earVAAA=,PO COPY--GLASS FIBRE Covestro (India) Private Limited,2026-07-10T07:28:16Z,PENDING_STAGE2,,2026-07-10 11:18:24,2026-07-10 11:30:04,po no. 2415780913.pdf,,,,1,,,
AAMkAGEzNTJjNTY1LTAxZjctNGU1My04ZDFkLTBkMTJlZGE0YTUzMwBGAAAAAAC7qJY7ZJJBT5IP79n-R0j-BwCJ1AznZ0-uRrG_5NNdUHgAAABL8we5AACJ1AznZ0-uRrG_5NNdUHgAAAB1earUAAA=,PO copies for UAT testing,2026-07-10T07:34:42Z,ROBONA_SENT,,2026-07-10 11:18:16,2026-07-14 07:00:15,envalior po 22689.pdf,,,,1,,,
AAMkAGEzNTJjNTY1LTAxZjctNGU1My04ZDFkLTBkMTJlZGE0YTUzMwBGAAAAAAC7qJY7ZJJBT5IP79n-R0j-BwCJ1AznZ0-uRrG_5NNdUHgAAABL8we5AACJ1AznZ0-uRrG_5NNdUHgAAAB1earTAAA=,UAT for Japan 20260710-01,2026-07-10T08:35:34Z,ROBONA_SENT,,2026-07-10 11:18:13,2026-07-14 07:00:11,molex+po1015132885_20260707_013755.pdf,,,,1,,,
AAMkAGEzNTJjNTY1LTAxZjctNGU1My04ZDFkLTBkMTJlZGE0YTUzMwBGAAAAAAC7qJY7ZJJBT5IP79n-R0j-BwCJ1AznZ0-uRrG_5NNdUHgAAABL8we5AACJ1AznZ0-uRrG_5NNdUHgAAAB1earSAAA=,Samples Required for UAT Testing – Touchless Order Creation,2026-07-10T10:46:47Z,PENDING_STAGE2,,2026-07-10 11:18:08,2026-07-10 11:30:02,pricol new po.pdf,,,,1,,,
AAMkAGEzNTJjNTY1LTAxZjctNGU1My04ZDFkLTBkMTJlZGE0YTUzMwBGAAAAAAC7qJY7ZJJBT5IP79n-R0j-BwCJ1AznZ0-uRrG_5NNdUHgAAABL8we5AACJ1AznZ0-uRrG_5NNdUHgAAAB0nHHpAAA=,FW: NEW Quicklinks tool - POs wanted BRAZIL,2026-07-09T18:55:19Z,PENDING_STAGE2,,2026-07-09 19:51:11,2026-07-10 08:05:33,,,,,1,,,
AAMkAGEzNTJjNTY1LTAxZjctNGU1My04ZDFkLTBkMTJlZGE0YTUzMwBGAAAAAAC7qJY7ZJJBT5IP79n-R0j-BwCJ1AznZ0-uRrG_5NNdUHgAAABL8we5AACJ1AznZ0-uRrG_5NNdUHgAAAB0nHHoAAA=,FW: NEW Quicklinks tool - POs wanted,2026-07-09T18:56:18Z,PENDING_STAGE2,,2026-07-09 19:51:04,2026-07-10 08:05:33,pgs_purchord_dj_rev3.pdf,,,,1,,,
AAMkAGEzNTJjNTY1LTAxZjctNGU1My04ZDFkLTBkMTJlZGE0YTUzMwBGAAAAAAC7qJY7ZJJBT5IP79n-R0j-BwCJ1AznZ0-uRrG_5NNdUHgAAABL8we5AACJ1AznZ0-uRrG_5NNdUHgAAAB0nHHnAAA=,new po,2026-07-09T19:46:24Z,ROBONA_SENT,,2026-07-09 19:51:00,2026-07-14 07:00:07,bestellung 933_envalior.pdf,,,,1,,,
AAMkAGEzNTJjNTY1LTAxZjctNGU1My04ZDFkLTBkMTJlZGE0YTUzMwBGAAAAAAC7qJY7ZJJBT5IP79n-R0j-BwCJ1AznZ0-uRrG_5NNdUHgAAABL8we5AACJ1AznZ0-uRrG_5NNdUHgAAAB0nHHmAAA=,new po,2026-07-09T19:47:36Z,ROBONA_SENT,,2026-07-09 19:50:55,2026-07-14 07:00:03,nueva po r205614 - envalior (2).pdf,,,,1,,,
AAMkAGEzNTJjNTY1LTAxZjctNGU1My04ZDFkLTBkMTJlZGE0YTUzMwBGAAAAAAC7qJY7ZJJBT5IP79n-R0j-BwCJ1AznZ0-uRrG_5NNdUHgAAABL8we5AACJ1AznZ0-uRrG_5NNdUHgAAAB0nHHlAAA=,FW: RE: [Urgent] Request purchasing information - Envalior,2026-07-09T13:07:25Z,PENDING_STAGE2,,2026-07-09 17:45:31,2026-07-10 08:05:33,body_aamkagez_fw_ re_ [urgent] request purchasing information - envalior.txt,,,,1,,,
AAMkAGEzNTJjNTY1LTAxZjctNGU1My04ZDFkLTBkMTJlZGE0YTUzMwBGAAAAAAC7qJY7ZJJBT5IP79n-R0j-BwCJ1AznZ0-uRrG_5NNdUHgAAABL8we5AACJ1AznZ0-uRrG_5NNdUHgAAAB0nHHkAAA=,Fw: Schedule for MATE FSP Chennai  -  Envalior,2026-07-09T14:43:28Z,PENDING_STAGE2,,2026-07-09 17:45:29,2026-07-10 08:05:33,body_aamkagez_fw_ schedule for mate fsp chennai  -  envalior.txt,,,,1,,,
AAMkAGEzNTJjNTY1LTAxZjctNGU1My04ZDFkLTBkMTJlZGE0YTUzMwBGAAAAAAC7qJY7ZJJBT5IP79n-R0j-BwCJ1AznZ0-uRrG_5NNdUHgAAABL8we5AACJ1AznZ0-uRrG_5NNdUHgAAAB0nHHjAAA=,Fw: PO No. 90004898 For MXPA1003 & MXPA1100 For Month of May -2026 Envalior (DSM),2026-07-09T14:43:56Z,ROBONA_SENT,,2026-07-09 17:45:24,2026-07-14 06:59:59,po-90004898 (envalior).pdf,,,,1,,,
AAMkAGEzNTJjNTY1LTAxZjctNGU1My04ZDFkLTBkMTJlZGE0YTUzMwBGAAAAAAC7qJY7ZJJBT5IP79n-R0j-BwCJ1AznZ0-uRrG_5NNdUHgAAABL8we5AACJ1AznZ0-uRrG_5NNdUHgAAAB0nHHiAAA=,Fw: PO FOR PBT B3235,2026-07-09T14:44:15Z,PENDING_STAGE2,,2026-07-09 17:45:19,2026-07-10 08:05:33,new doc 06-25-2026 12.40_1.pdf,,,,1,,,
AAMkAGEzNTJjNTY1LTAxZjctNGU1My04ZDFkLTBkMTJlZGE0YTUzMwBGAAAAAAC7qJY7ZJJBT5IP79n-R0j-BwCJ1AznZ0-uRrG_5NNdUHgAAABL8we5AACJ1AznZ0-uRrG_5NNdUHgAAAB0nHHhAAA=,Fw: RM SCHEDULE JAN-26,2026-07-09T14:44:48Z,PENDING_STAGE2,,2026-07-09 17:45:16,2026-07-10 08:05:33,,,,,1,,,
AAMkAGEzNTJjNTY1LTAxZjctNGU1My04ZDFkLTBkMTJlZGE0YTUzMwBGAAAAAAC7qJY7ZJJBT5IP79n-R0j-BwCJ1AznZ0-uRrG_5NNdUHgAAABL8we5AACJ1AznZ0-uRrG_5NNdUHgAAAB0nHHgAAA=,New po,2026-07-09T17:09:58Z,ROBONA_SENT,,2026-07-09 17:45:12,2026-07-14 06:59:55,4100027091  10005294 (2).pdf,,,,1,,,
AAMkAGEzNTJjNTY1LTAxZjctNGU1My04ZDFkLTBkMTJlZGE0YTUzMwBGAAAAAAC7qJY7ZJJBT5IP79n-R0j-BwCJ1AznZ0-uRrG_5NNdUHgAAABL8we5AACJ1AznZ0-uRrG_5NNdUHgAAAB0nHHfAAA=,new po,2026-07-09T17:40:51Z,ROBONA_SENT,,2026-07-09 17:45:08,2026-07-14 06:59:51,nueva po r205614 - envalior (2).pdf,,,,1,,,
AAMkAGEzNTJjNTY1LTAxZjctNGU1My04ZDFkLTBkMTJlZGE0YTUzMwBGAAAAAAC7qJY7ZJJBT5IP79n-R0j-BwCJ1AznZ0-uRrG_5NNdUHgAAABL8we5AACJ1AznZ0-uRrG_5NNdUHgAAAB0nHHeAAA=,FW: Bestellung 933 - Durethan BKV 130 709421 Grau - 15/1PA6GF30GR ,2026-07-09T09:56:13Z,ROBONA_SENT,,2026-07-09 10:34:39,2026-07-14 06:59:46,bestellung 933_envalior.pdf,,,,1,,,
AAMkAGEzNTJjNTY1LTAxZjctNGU1My04ZDFkLTBkMTJlZGE0YTUzMwBGAAAAAAC7qJY7ZJJBT5IP79n-R0j-BwCJ1AznZ0-uRrG_5NNdUHgAAABL8we5AACJ1AznZ0-uRrG_5NNdUHgAAAB0nHHdAAA=,New po,2026-07-09T10:28:41Z,ROBONA_SENT,,2026-07-09 10:34:34,2026-07-14 06:59:42,nueva po r205614 - envalior (1).pdf,,,,1,,,
AAMkAGEzNTJjNTY1LTAxZjctNGU1My04ZDFkLTBkMTJlZGE0YTUzMwBGAAAAAAC7qJY7ZJJBT5IP79n-R0j-BwCJ1AznZ0-uRrG_5NNdUHgAAABL8we5AACJ1AznZ0-uRrG_5NNdUHgAAAB0nHHcAAA=,New po,2026-07-09T10:32:51Z,ROBONA_SENT,,2026-07-09 10:34:30,2026-07-14 06:59:38,4100027091  10005294 (1).pdf,,,,1,,,
AAMkAGEzNTJjNTY1LTAxZjctNGU1My04ZDFkLTBkMTJlZGE0YTUzMwBGAAAAAAC7qJY7ZJJBT5IP79n-R0j-BwCJ1AznZ0-uRrG_5NNdUHgAAABL8we5AACJ1AznZ0-uRrG_5NNdUHgAAAB0nHHbAAA=,UAT for Japan,2026-07-09T08:24:37Z,ROBONA_SENT,,2026-07-09 09:54:08,2026-07-14 06:59:34,molex+po1015132885_20260707_013755_aamkagez.pdf,,,,1,,,
AAMkAGEzNTJjNTY1LTAxZjctNGU1My04ZDFkLTBkMTJlZGE0YTUzMwBGAAAAAAC7qJY7ZJJBT5IP79n-R0j-BwCJ1AznZ0-uRrG_5NNdUHgAAABL8we5AACJ1AznZ0-uRrG_5NNdUHgAAAB0nHHaAAA=,UAT for Japan 20260709-01,2026-07-09T08:53:57Z,ROBONA_SENT,,2026-07-09 09:54:04,2026-07-14 06:59:30,molex+po1015132885_20260707_013755.pdf,,,,1,,,
AAMkAGEzNTJjNTY1LTAxZjctNGU1My04ZDFkLTBkMTJlZGE0YTUzMwBGAAAAAAC7qJY7ZJJBT5IP79n-R0j-BwCJ1AznZ0-uRrG_5NNdUHgAAABL8we5AACJ1AznZ0-uRrG_5NNdUHgAAAB0nHHZAAA=,New po ,2026-07-09T09:47:25Z,ROBONA_SENT,,2026-07-09 09:54:00,2026-07-14 06:59:26,4100027091  10005294.pdf,,,,1,,,
AAMkAGEzNTJjNTY1LTAxZjctNGU1My04ZDFkLTBkMTJlZGE0YTUzMwBGAAAAAAC7qJY7ZJJBT5IP79n-R0j-BwCJ1AznZ0-uRrG_5NNdUHgAAABL8we5AACJ1AznZ0-uRrG_5NNdUHgAAAB0nHHYAAA=,New po ,2026-07-09T09:48:16Z,ROBONA_SENT,,2026-07-09 09:53:55,2026-07-14 06:59:22,nueva po r205614 - envalior.pdf,,,,1,,,
AAMkAGEzNTJjNTY1LTAxZjctNGU1My04ZDFkLTBkMTJlZGE0YTUzMwBGAAAAAAC7qJY7ZJJBT5IP79n-R0j-BwCJ1AznZ0-uRrG_5NNdUHgAAABL8we5AACJ1AznZ0-uRrG_5NNdUHgAAAB0nHHXAAA=,FW: NEW Quicklinks tool - POs wanted,2026-07-08T17:25:38Z,ROBONA_SENT,,2026-07-09 08:06:29,2026-07-14 06:59:18,4100027091  10005294.pdf,,,,1,,,
AAMkAGEzNTJjNTY1LTAxZjctNGU1My04ZDFkLTBkMTJlZGE0YTUzMwBGAAAAAAC7qJY7ZJJBT5IP79n-R0j-BwCJ1AznZ0-uRrG_5NNdUHgAAABL8we5AACJ1AznZ0-uRrG_5NNdUHgAAAB0nHHWAAA=,FW: NEW Quicklinks tool - POs wanted,2026-07-08T17:25:45Z,ROBONA_SENT,,2026-07-09 08:06:24,2026-07-16 09:33:10,dep_purchord_material.pdf,,,,1,,,
AAMkAGEzNTJjNTY1LTAxZjctNGU1My04ZDFkLTBkMTJlZGE0YTUzMwBGAAAAAAC7qJY7ZJJBT5IP79n-R0j-BwCJ1AznZ0-uRrG_5NNdUHgAAABL8we5AACJ1AznZ0-uRrG_5NNdUHgAAAB0nHHVAAA=,FW: NEW Quicklinks tool - POs wanted,2026-07-08T17:26:27Z,ROBONA_SENT,,2026-07-09 08:06:21,2026-07-10 12:47:38,4500749415 118680 0020.pdf,,,,1,,,
AAMkAGEzNTJjNTY1LTAxZjctNGU1My04ZDFkLTBkMTJlZGE0YTUzMwBGAAAAAAC7qJY7ZJJBT5IP79n-R0j-BwCJ1AznZ0-uRrG_5NNdUHgAAABL8we5AACJ1AznZ0-uRrG_5NNdUHgAAAB0nHHUAAA=,MX Nueva PO R205614,2026-07-08T17:56:46Z,ROBONA_SENT,,2026-07-09 08:06:16,2026-07-14 06:59:14,nueva po r205614 - envalior.pdf,,,,1,,,
AAMkAGEzNTJjNTY1LTAxZjctNGU1My04ZDFkLTBkMTJlZGE0YTUzMwBGAAAAAAC7qJY7ZJJBT5IP79n-R0j-BwCJ1AznZ0-uRrG_5NNdUHgAAABL8we5AACJ1AznZ0-uRrG_5NNdUHgAAAB0nHHTAAA=,FW: 135135 below MOQ | SO# 1552663,2026-07-09T06:41:45Z,PENDING_STAGE2,,2026-07-09 08:06:11,2026-07-10 08:05:33,be_135135.pdf,,,,1,,,
AAMkAGEzNTJjNTY1LTAxZjctNGU1My04ZDFkLTBkMTJlZGE0YTUzMwBGAAAAAAC7qJY7ZJJBT5IP79n-R0j-BwCJ1AznZ0-uRrG_5NNdUHgAAABL8we5AACJ1AznZ0-uRrG_5NNdUHgAAAB0nHHSAAA=,FW: 135134 below MOQ | SO# 1552691,2026-07-09T06:42:16Z,PENDING_STAGE2,,2026-07-09 08:06:06,2026-07-10 08:05:33,be_135134.pdf,,,,1,,,
AAMkAGEzNTJjNTY1LTAxZjctNGU1My04ZDFkLTBkMTJlZGE0YTUzMwBGAAAAAAC7qJY7ZJJBT5IP79n-R0j-BwCJ1AznZ0-uRrG_5NNdUHgAAABL8we5AACJ1AznZ0-uRrG_5NNdUHgAAAB0nHHRAAA=,FW: neue Bestellung  4500817276   25 kg  POCAN B1901 000000    43533   Lieferantennummer 12830,2026-07-09T06:44:14Z,PENDING_STAGE2,,2026-07-09 08:06:02,2026-07-10 08:05:33,4500817276.pdf,,,,1,,,
AAMkAGEzNTJjNTY1LTAxZjctNGU1My04ZDFkLTBkMTJlZGE0YTUzMwBGAAAAAAC7qJY7ZJJBT5IP79n-R0j-BwCJ1AznZ0-uRrG_5NNdUHgAAABL8we5AACJ1AznZ0-uRrG_5NNdUHgAAAB0nHHQAAA=,new po ,2026-07-09T08:02:43Z,PENDING_STAGE2,,2026-07-09 08:05:58,2026-07-10 08:05:33,_dlh_purchord.pdf,,,,1,,,
AAMkAGEzNTJjNTY1LTAxZjctNGU1My04ZDFkLTBkMTJlZGE0YTUzMwBGAAAAAAC7qJY7ZJJBT5IP79n-R0j-BwCJ1AznZ0-uRrG_5NNdUHgAAABL8we5AACJ1AznZ0-uRrG_5NNdUHgAAAB0nHHPAAA=,new po ,2026-07-09T08:03:21Z,PENDING_STAGE2,,2026-07-09 08:05:54,2026-07-10 08:05:33,2f9a86f1-d532-42aa-b918-c7ea32292a0b.pdf,,,,1,,,
AAMkAGEzNTJjNTY1LTAxZjctNGU1My04ZDFkLTBkMTJlZGE0YTUzMwBGAAAAAAC7qJY7ZJJBT5IP79n-R0j-BwCJ1AznZ0-uRrG_5NNdUHgAAABL8we5AACJ1AznZ0-uRrG_5NNdUHgAAABwI8MpAAA=,FW: ENVALIOR SINGAPORE PTE. LTD. New Order 121020152581,2026-07-08T12:57:15Z,ROBONA_SENT,,2026-07-08 15:35:28,2026-07-10 12:47:34,5fa2eb99-4d93-465e-941b-de15f12b852f.pdf,,,,1,,,
AAMkAGEzNTJjNTY1LTAxZjctNGU1My04ZDFkLTBkMTJlZGE0YTUzMwBGAAAAAAC7qJY7ZJJBT5IP79n-R0j-BwCJ1AznZ0-uRrG_5NNdUHgAAABL8we5AACJ1AznZ0-uRrG_5NNdUHgAAABwI8MoAAA=,FW: ENVALIOR SINGAPORE PTE. LTD. New Order 121020151927,2026-07-08T12:58:17Z,PENDING_STAGE2,,2026-07-08 15:35:24,2026-07-10 08:05:33,2f9a86f1-d532-42aa-b918-c7ea32292a0b.pdf,,,,1,,,
AAMkAGEzNTJjNTY1LTAxZjctNGU1My04ZDFkLTBkMTJlZGE0YTUzMwBGAAAAAAC7qJY7ZJJBT5IP79n-R0j-BwCJ1AznZ0-uRrG_5NNdUHgAAABL8we5AACJ1AznZ0-uRrG_5NNdUHgAAABwI8MnAAA=,FW: NEW Quicklinks tool - POs wanted,2026-07-08T13:23:28Z,PENDING_STAGE2,,2026-07-08 15:35:18,2026-07-10 08:05:33,body_aamkagez_fw_ new quicklinks tool - pos wanted.txt,,,,1,,,
AAMkAGEzNTJjNTY1LTAxZjctNGU1My04ZDFkLTBkMTJlZGE0YTUzMwBGAAAAAAC7qJY7ZJJBT5IP79n-R0j-BwCJ1AznZ0-uRrG_5NNdUHgAAABL8we5AACJ1AznZ0-uRrG_5NNdUHgAAABwI8MmAAA=,FW: 恩驊力 New Order 121080108064,2026-07-07T12:17:42Z,ROBONA_SENT,,2026-07-08 12:26:55,2026-07-10 12:47:30,b7215c58-c160-45fa-8f5f-25a401d2d486.pdf,,,,1,,,
AAMkAGEzNTJjNTY1LTAxZjctNGU1My04ZDFkLTBkMTJlZGE0YTUzMwBGAAAAAAC7qJY7ZJJBT5IP79n-R0j-BwCJ1AznZ0-uRrG_5NNdUHgAAABL8we5AACJ1AznZ0-uRrG_5NNdUHgAAABwI8MlAAA=,FW: ENVALIOR SINGAPORE PTE. LTD. New Order 121020151578,2026-07-07T12:18:27Z,ROBONA_SENT,,2026-07-08 12:26:50,2026-07-10 12:47:26,8681d03d-8a45-4086-b45f-eaff1375fc8c_aamkagez.pdf,,,,1,,,
AAMkAGEzNTJjNTY1LTAxZjctNGU1My04ZDFkLTBkMTJlZGE0YTUzMwBGAAAAAAC7qJY7ZJJBT5IP79n-R0j-BwCJ1AznZ0-uRrG_5NNdUHgAAABL8we5AACJ1AznZ0-uRrG_5NNdUHgAAABwI8MkAAA=,FW: ENVALIOR SINGAPORE PTE. LTD. New Order 121020151578,2026-07-07T12:19:00Z,ROBONA_SENT,,2026-07-08 12:26:45,2026-07-10 12:47:22,8681d03d-8a45-4086-b45f-eaff1375fc8c_aamkagez.pdf,,,,1,,,
AAMkAGEzNTJjNTY1LTAxZjctNGU1My04ZDFkLTBkMTJlZGE0YTUzMwBGAAAAAAC7qJY7ZJJBT5IP79n-R0j-BwCJ1AznZ0-uRrG_5NNdUHgAAABL8we5AACJ1AznZ0-uRrG_5NNdUHgAAABwI8MjAAA=,FW: ENVALIOR SINGAPORE PTE. LTD. New Order 121020152431,2026-07-07T13:00:33Z,ROBONA_SENT,,2026-07-08 12:26:41,2026-07-10 12:47:18,3763c3e9-282f-4e58-9711-ea5b9909e31b.pdf,,,,1,,,
AAMkAGEzNTJjNTY1LTAxZjctNGU1My04ZDFkLTBkMTJlZGE0YTUzMwBGAAAAAAC7qJY7ZJJBT5IP79n-R0j-BwCJ1AznZ0-uRrG_5NNdUHgAAABL8we5AACJ1AznZ0-uRrG_5NNdUHgAAABtx0fcAAA=,New PO,2026-06-30T07:21:03Z,PENDING_STAGE2,,2026-06-30 13:15:46,2026-07-10 08:05:33,po_2735847121.pdf,,,,1,,,
AAMkAGEzNTJjNTY1LTAxZjctNGU1My04ZDFkLTBkMTJlZGE0YTUzMwBGAAAAAAC7qJY7ZJJBT5IP79n-R0j-BwCJ1AznZ0-uRrG_5NNdUHgAAABL8we5AACJ1AznZ0-uRrG_5NNdUHgAAABtx0fbAAA=,New PO,2026-06-29T14:58:53Z,ROBONA_SENT,,2026-06-29 15:10:41,2026-07-16 09:33:07,po 4500090003.pdf,,,,1,,,
AAMkAGEzNTJjNTY1LTAxZjctNGU1My04ZDFkLTBkMTJlZGE0YTUzMwBGAAAAAAC7qJY7ZJJBT5IP79n-R0j-BwCJ1AznZ0-uRrG_5NNdUHgAAABL8we5AACJ1AznZ0-uRrG_5NNdUHgAAABtx0faAAA=,New PO,2026-06-29T14:14:25Z,ROBONA_SENT,,2026-06-29 14:28:16,2026-07-27 12:17:49,vo-2026-311-000149.pdf,,,,1,,,
AAMkAGEzNTJjNTY1LTAxZjctNGU1My04ZDFkLTBkMTJlZGE0YTUzMwBGAAAAAAC7qJY7ZJJBT5IP79n-R0j-BwCJ1AznZ0-uRrG_5NNdUHgAAABL8we5AACJ1AznZ0-uRrG_5NNdUHgAAABtx0fZAAA=,New PO,2026-06-29T14:14:31Z,ROBONA_SENT,,2026-06-29 14:28:12,2026-07-16 09:33:03,po 4500090003.pdf,,,,1,,,
AAMkAGEzNTJjNTY1LTAxZjctNGU1My04ZDFkLTBkMTJlZGE0YTUzMwBGAAAAAAC7qJY7ZJJBT5IP79n-R0j-BwCJ1AznZ0-uRrG_5NNdUHgAAABL8we5AACJ1AznZ0-uRrG_5NNdUHgAAABtx0fYAAA=,New PO,2026-06-29T14:15:03Z,ROBONA_SENT,,2026-06-29 14:28:09,2026-07-16 09:33:00,po_1002134183.pdf,,,,1,,,
AAMkAGEzNTJjNTY1LTAxZjctNGU1My04ZDFkLTBkMTJlZGE0YTUzMwBGAAAAAAC7qJY7ZJJBT5IP79n-R0j-BwCJ1AznZ0-uRrG_5NNdUHgAAABL8we5AACJ1AznZ0-uRrG_5NNdUHgAAABtx0fXAAA=,New PO,2026-06-29T07:42:37Z,PENDING_STAGE2,,2026-06-29 07:51:32,2026-07-10 08:05:33,molex1 (1).pdf,,,,1,,,
AAMkAGEzNTJjNTY1LTAxZjctNGU1My04ZDFkLTBkMTJlZGE0YTUzMwBGAAAAAAC7qJY7ZJJBT5IP79n-R0j-BwCJ1AznZ0-uRrG_5NNdUHgAAABL8we5AACJ1AznZ0-uRrG_5NNdUHgAAABtx0fWAAA=,New PO,2026-06-29T07:42:56Z,PENDING_STAGE2,,2026-06-29 07:51:26,2026-07-10 08:05:33,"wipak purchase order 4500309990, 500009, 04.06.202.pdf",,,,1,,,
AAMkAGEzNTJjNTY1LTAxZjctNGU1My04ZDFkLTBkMTJlZGE0YTUzMwBGAAAAAAC7qJY7ZJJBT5IP79n-R0j-BwCJ1AznZ0-uRrG_5NNdUHgAAABL8we5AACJ1AznZ0-uRrG_5NNdUHgAAABtx0fVAAA=,New PO,2026-06-29T06:59:17Z,PENDING_STAGE2,,2026-06-29 07:23:50,2026-07-10 08:05:33,molex1 (1).pdf,,,,1,,,
AAMkAGEzNTJjNTY1LTAxZjctNGU1My04ZDFkLTBkMTJlZGE0YTUzMwBGAAAAAAC7qJY7ZJJBT5IP79n-R0j-BwCJ1AznZ0-uRrG_5NNdUHgAAABL8we5AACJ1AznZ0-uRrG_5NNdUHgAAABtx0fUAAA=,New PO,2026-06-29T06:59:36Z,ROBONA_SENT,,2026-06-29 07:23:47,2026-07-27 12:17:43,c4654b77-fd8c-4be0-972a-d1cb9d82a0a8.pdf,,,,1,,,
AAMkAGEzNTJjNTY1LTAxZjctNGU1My04ZDFkLTBkMTJlZGE0YTUzMwBGAAAAAAC7qJY7ZJJBT5IP79n-R0j-BwCJ1AznZ0-uRrG_5NNdUHgAAABL8we5AACJ1AznZ0-uRrG_5NNdUHgAAABrsZjGAAA=,TEST,2026-06-25T07:43:23Z,PENDING_STAGE2,,2026-06-25 11:15:10,2026-07-10 08:05:33,,,,,1,,,
AAMkAGEzNTJjNTY1LTAxZjctNGU1My04ZDFkLTBkMTJlZGE0YTUzMwBGAAAAAAC7qJY7ZJJBT5IP79n-R0j-BwCJ1AznZ0-uRrG_5NNdUHgAAABL8we5AACJ1AznZ0-uRrG_5NNdUHgAAABrsZjFAAA=,new po,2026-06-25T10:26:26Z,ROBONA_SENT,,2026-06-25 11:15:06,2026-07-10 12:47:14,8681d03d-8a45-4086-b45f-eaff1375fc8c.pdf,,,,1,,,
AAMkAGEzNTJjNTY1LTAxZjctNGU1My04ZDFkLTBkMTJlZGE0YTUzMwBGAAAAAAC7qJY7ZJJBT5IP79n-R0j-BwCJ1AznZ0-uRrG_5NNdUHgAAABL8we5AACJ1AznZ0-uRrG_5NNdUHgAAABrsZjEAAA=,New po,2026-06-25T05:12:10Z,PENDING_STAGE2,,2026-06-25 07:00:07,2026-07-10 08:05:33,molex+po1014340779_20260108_081117.pdf,,,,1,,,
AAMkAGEzNTJjNTY1LTAxZjctNGU1My04ZDFkLTBkMTJlZGE0YTUzMwBGAAAAAAC7qJY7ZJJBT5IP79n-R0j-BwCJ1AznZ0-uRrG_5NNdUHgAAABL8we5AACJ1AznZ0-uRrG_5NNdUHgAAABrsZjDAAA=,FW: ENVALIOR SINGAPORE PTE. LTD. New Order 121020151578,2026-06-25T06:55:18Z,ROBONA_SENT,,2026-06-25 07:00:03,2026-07-10 12:47:09,8681d03d-8a45-4086-b45f-eaff1375fc8c.pdf,,,,1,,,
AAMkAGEzNTJjNTY1LTAxZjctNGU1My04ZDFkLTBkMTJlZGE0YTUzMwBGAAAAAAC7qJY7ZJJBT5IP79n-R0j-BwCJ1AznZ0-uRrG_5NNdUHgAAABL8we5AACJ1AznZ0-uRrG_5NNdUHgAAABrsZjCAAA=,FW: 淮安富裕 恩驊力 New Order 121080107429,2026-06-25T06:55:35Z,ROBONA_SENT,,2026-06-25 06:59:58,2026-07-27 12:17:36,c4654b77-fd8c-4be0-972a-d1cb9d82a0a8.pdf,,,,1,,,
AAMkAGEzNTJjNTY1LTAxZjctNGU1My04ZDFkLTBkMTJlZGE0YTUzMwBGAAAAAAC7qJY7ZJJBT5IP79n-R0j-BwCJ1AznZ0-uRrG_5NNdUHgAAABL8we5AACJ1AznZ0-uRrG_5NNdUHgAAABrDlEWAAA=,New PO's,2026-06-24T05:54:14Z,PENDING_STAGE2,,2026-06-24 07:18:05,2026-07-10 08:05:33,"wipak purchase order 4500309990, 500009, 04.06.202.pdf",,,,1,,,
AAMkAGEzNTJjNTY1LTAxZjctNGU1My04ZDFkLTBkMTJlZGE0YTUzMwBGAAAAAAC7qJY7ZJJBT5IP79n-R0j-BwCJ1AznZ0-uRrG_5NNdUHgAAABL8we5AACJ1AznZ0-uRrG_5NNdUHgAAABqRRpOAAA=,NEW PO,2026-06-23T14:03:52Z,ROBONA_SENT,,2026-06-23 14:08:35,2026-07-27 12:17:30,66097582.pdf,,,,1,,,
AAMkAGEzNTJjNTY1LTAxZjctNGU1My04ZDFkLTBkMTJlZGE0YTUzMwBGAAAAAAC7qJY7ZJJBT5IP79n-R0j-BwCJ1AznZ0-uRrG_5NNdUHgAAABL8we5AACJ1AznZ0-uRrG_5NNdUHgAAABqRRpNAAA=,New PO,2026-06-23T13:28:39Z,ROBONA_SENT,,2026-06-23 13:55:00,2026-07-27 12:17:25,66097582.pdf,,,,1,,,
AAMkAGEzNTJjNTY1LTAxZjctNGU1My04ZDFkLTBkMTJlZGE0YTUzMwBGAAAAAAC7qJY7ZJJBT5IP79n-R0j-BwCJ1AznZ0-uRrG_5NNdUHgAAABL8we5AACJ1AznZ0-uRrG_5NNdUHgAAABqRRpMAAA=,"for testing : Wipak Purchase Order 4500309990, 500009, 04.06.202 SO# 1541821 ",2026-06-23T07:39:49Z,PENDING_STAGE2,,2026-06-23 12:33:03,2026-07-10 08:05:33,"wipak purchase order 4500309990, 500009, 04.06.202.pdf",,,,1,,,
AAMkAGEzNTJjNTY1LTAxZjctNGU1My04ZDFkLTBkMTJlZGE0YTUzMwBGAAAAAAC7qJY7ZJJBT5IP79n-R0j-BwCJ1AznZ0-uRrG_5NNdUHgAAABL8we5AACJ1AznZ0-uRrG_5NNdUHgAAABqRRpLAAA=,POs of Legrand Elektrik Sanayi A.S 4020001469,2026-06-23T07:50:04Z,PENDING_STAGE2,,2026-06-23 12:33:00,2026-07-10 08:05:33,body_aamkagez_pos of legrand elektrik sanayi a.s 4020001469.txt,,,,1,,,
AAMkAGEzNTJjNTY1LTAxZjctNGU1My04ZDFkLTBkMTJlZGE0YTUzMwBGAAAAAAC7qJY7ZJJBT5IP79n-R0j-BwCJ1AznZ0-uRrG_5NNdUHgAAABL8we5AACJ1AznZ0-uRrG_5NNdUHgAAABqRRpKAAA=,FW: Purchase Order 66097582 // ==> neu 1536711,2026-06-23T11:22:39Z,ROBONA_SENT,,2026-06-23 12:32:54,2026-07-27 12:17:20,66097582.pdf,,,,1,,,
AAMkAGEzNTJjNTY1LTAxZjctNGU1My04ZDFkLTBkMTJlZGE0YTUzMwBGAAAAAAC7qJY7ZJJBT5IP79n-R0j-BwCJ1AznZ0-uRrG_5NNdUHgAAABL8we5AACJ1AznZ0-uRrG_5NNdUHgAAABqRRpJAAA=,FW: Purchase Order 66097329 // ==> neu 1532029,2026-06-23T11:23:06Z,ROBONA_SENT,,2026-06-23 12:32:48,2026-07-27 12:17:15,66097329.pdf,,,,1,,,
AAMkAGEzNTJjNTY1LTAxZjctNGU1My04ZDFkLTBkMTJlZGE0YTUzMwBGAAAAAAC7qJY7ZJJBT5IP79n-R0j-BwCJ1AznZ0-uRrG_5NNdUHgAAABL8we5AACJ1AznZ0-uRrG_5NNdUHgAAABqRRpIAAA=,FW: Purchase Order 66097065 - EM550 - 1.250 KG - RDD 15.07.26 // ==> neu 1522446 ,2026-06-23T11:23:21Z,ROBONA_SENT,,2026-06-23 12:32:42,2026-07-27 12:17:10,body_aamkagez_fw_ purchase order 66097065 - em550 - 1.250 kg - rdd 15.07.26 __ ==_ neu 1522446.txt,,,,1,,,
AAMkAGEzNTJjNTY1LTAxZjctNGU1My04ZDFkLTBkMTJlZGE0YTUzMwBGAAAAAAC7qJY7ZJJBT5IP79n-R0j-BwCJ1AznZ0-uRrG_5NNdUHgAAABL8we5AACJ1AznZ0-uRrG_5NNdUHgAAABqRRpHAAA=,FW: Purchase Order 66098001,2026-06-23T11:31:40Z,PENDING_STAGE2,,2026-06-23 12:32:36,2026-07-10 08:05:33,order 66098001    1547521.pdf,,,,1,,,
AAMkAGEzNTJjNTY1LTAxZjctNGU1My04ZDFkLTBkMTJlZGE0YTUzMwBGAAAAAAC7qJY7ZJJBT5IP79n-R0j-BwCJ1AznZ0-uRrG_5NNdUHgAAABL8we5AACJ1AznZ0-uRrG_5NNdUHgAAABqRRpGAAA=,New PO,2026-06-23T06:55:46Z,PENDING_STAGE2,,2026-06-23 07:00:03,2026-07-10 08:05:33,bestellung be-26-00858 (2).pdf,,,,1,,,
AAMkAGEzNTJjNTY1LTAxZjctNGU1My04ZDFkLTBkMTJlZGE0YTUzMwBGAAAAAAC7qJY7ZJJBT5IP79n-R0j-BwCJ1AznZ0-uRrG_5NNdUHgAAABL8we5AACJ1AznZ0-uRrG_5NNdUHgAAABqRRpFAAA=,New PO,2026-06-23T06:55:58Z,PENDING_STAGE2,,2026-06-23 06:59:59,2026-07-10 08:05:33,molex3 (1).pdf,,,,1,,,
AAMkAGEzNTJjNTY1LTAxZjctNGU1My04ZDFkLTBkMTJlZGE0YTUzMwBGAAAAAAC7qJY7ZJJBT5IP79n-R0j-BwCJ1AznZ0-uRrG_5NNdUHgAAABL8we5AACJ1AznZ0-uRrG_5NNdUHgAAABqRRpEAAA=,New PO,2026-06-23T06:56:03Z,PENDING_STAGE2,,2026-06-23 06:59:54,2026-07-10 08:05:33,"südpack-bestellung 4690661, vom 01.04.2026 (1).pdf",,,,1,,,
AAMkAGEzNTJjNTY1LTAxZjctNGU1My04ZDFkLTBkMTJlZGE0YTUzMwBGAAAAAAC7qJY7ZJJBT5IP79n-R0j-BwCJ1AznZ0-uRrG_5NNdUHgAAABL8we5AACJ1AznZ0-uRrG_5NNdUHgAAABqRRpDAAA=,New PO,2026-06-23T06:56:36Z,PENDING_STAGE2,,2026-06-23 06:59:50,2026-07-10 08:05:33,molex1 (1).pdf,,,,1,,,
AAMkAGEzNTJjNTY1LTAxZjctNGU1My04ZDFkLTBkMTJlZGE0YTUzMwBGAAAAAAC7qJY7ZJJBT5IP79n-R0j-BwCJ1AznZ0-uRrG_5NNdUHgAAABL8we5AACJ1AznZ0-uRrG_5NNdUHgAAABqRRpCAAA=,New PO,2026-06-23T06:57:08Z,PENDING_STAGE2,,2026-06-23 06:59:46,2026-07-10 08:05:33,molex2 (1).pdf,,,,1,,,
AAMkAGEzNTJjNTY1LTAxZjctNGU1My04ZDFkLTBkMTJlZGE0YTUzMwBGAAAAAAC7qJY7ZJJBT5IP79n-R0j-BwCJ1AznZ0-uRrG_5NNdUHgAAABL8we5AACJ1AznZ0-uRrG_5NNdUHgAAABqRRpBAAA=,New PO,2026-06-23T06:57:22Z,PENDING_STAGE2,,2026-06-23 06:59:41,2026-07-10 08:05:33,wipak walsrode (sold-to 4020036739 - material 38779) - order type kb (1).pdf,,,,1,,,
AAMkAGEzNTJjNTY1LTAxZjctNGU1My04ZDFkLTBkMTJlZGE0YTUzMwBGAAAAAAC7qJY7ZJJBT5IP79n-R0j-BwCJ1AznZ0-uRrG_5NNdUHgAAABL8we5AACJ1AznZ0-uRrG_5NNdUHgAAABpP6_nAAA=,NEW PO,2026-06-22T08:50:58Z,ROBONA_SENT,,2026-06-22 09:06:39,2026-07-27 12:17:05,"wipak purchase order 4500297688, 500009, 08.01.202.pdf",,,,1,,,
AAMkAGEzNTJjNTY1LTAxZjctNGU1My04ZDFkLTBkMTJlZGE0YTUzMwBGAAAAAAC7qJY7ZJJBT5IP79n-R0j-BwCJ1AznZ0-uRrG_5NNdUHgAAABL8we5AACJ1AznZ0-uRrG_5NNdUHgAAABpP6_mAAA=,NEW PO,2026-06-22T08:51:18Z,PENDING_STAGE2,,2026-06-22 09:06:34,2026-07-10 08:05:33,bestellungbe25-00614_20260211164808.475_x.pdf,,,,1,,,
AAMkAGEzNTJjNTY1LTAxZjctNGU1My04ZDFkLTBkMTJlZGE0YTUzMwBGAAAAAAC7qJY7ZJJBT5IP79n-R0j-BwCJ1AznZ0-uRrG_5NNdUHgAAABL8we5AACJ1AznZ0-uRrG_5NNdUHgAAABpP6_lAAA=,NEW PO,2026-06-22T08:51:45Z,PENDING_STAGE2,,2026-06-22 09:06:29,2026-07-10 08:05:33,wipak walsrode (sold-to 4020036739 - material 38779) - order type kb.pdf,,,,1,,,
AAMkAGEzNTJjNTY1LTAxZjctNGU1My04ZDFkLTBkMTJlZGE0YTUzMwBGAAAAAAC7qJY7ZJJBT5IP79n-R0j-BwCJ1AznZ0-uRrG_5NNdUHgAAABL8we5AACJ1AznZ0-uRrG_5NNdUHgAAABpP6_kAAA=,NEW PO,2026-06-22T08:52:11Z,PENDING_STAGE2,,2026-06-22 09:06:25,2026-07-10 08:05:33,bestellung be26-00030.pdf,,,,1,,,
AAMkAGEzNTJjNTY1LTAxZjctNGU1My04ZDFkLTBkMTJlZGE0YTUzMwBGAAAAAAC7qJY7ZJJBT5IP79n-R0j-BwCJ1AznZ0-uRrG_5NNdUHgAAABL8we5AACJ1AznZ0-uRrG_5NNdUHgAAABpP6_jAAA=,NEW PO,2026-06-22T08:52:34Z,PENDING_STAGE2,,2026-06-22 09:06:21,2026-07-10 08:05:33,molex2.pdf,,,,1,,,
AAMkAGEzNTJjNTY1LTAxZjctNGU1My04ZDFkLTBkMTJlZGE0YTUzMwBGAAAAAAC7qJY7ZJJBT5IP79n-R0j-BwCJ1AznZ0-uRrG_5NNdUHgAAABL8we5AACJ1AznZ0-uRrG_5NNdUHgAAABpP6_iAAA=,NEW PO,2026-06-22T08:52:59Z,PENDING_STAGE2,,2026-06-22 09:06:17,2026-07-10 08:05:33,molex3.pdf,,,,1,,,
AAMkAGEzNTJjNTY1LTAxZjctNGU1My04ZDFkLTBkMTJlZGE0YTUzMwBGAAAAAAC7qJY7ZJJBT5IP79n-R0j-BwCJ1AznZ0-uRrG_5NNdUHgAAABL8we5AACJ1AznZ0-uRrG_5NNdUHgAAABpP6_hAAA=,NEW PO,2026-06-22T08:53:07Z,PENDING_STAGE2,,2026-06-22 09:06:13,2026-07-10 08:05:33,molex1.pdf,,,,1,,,
AAMkAGEzNTJjNTY1LTAxZjctNGU1My04ZDFkLTBkMTJlZGE0YTUzMwBGAAAAAAC7qJY7ZJJBT5IP79n-R0j-BwCJ1AznZ0-uRrG_5NNdUHgAAABL8we5AACJ1AznZ0-uRrG_5NNdUHgAAABpP6_gAAA=,NEW PO,2026-06-22T08:54:12Z,PENDING_STAGE2,,2026-06-22 09:06:09,2026-07-10 08:05:33,bestellung be26-00273.pdf,,,,1,,,
AAMkAGEzNTJjNTY1LTAxZjctNGU1My04ZDFkLTBkMTJlZGE0YTUzMwBGAAAAAAC7qJY7ZJJBT5IP79n-R0j-BwCJ1AznZ0-uRrG_5NNdUHgAAABL8we5AACJ1AznZ0-uRrG_5NNdUHgAAABpP6_fAAA=,NEW PO,2026-06-22T08:55:05Z,PENDING_STAGE2,,2026-06-22 09:06:04,2026-07-10 08:05:33,"südpack-bestellung 4690661, vom 01.04.2026.pdf",,,,1,,,
AAMkAGEzNTJjNTY1LTAxZjctNGU1My04ZDFkLTBkMTJlZGE0YTUzMwBGAAAAAAC7qJY7ZJJBT5IP79n-R0j-BwCJ1AznZ0-uRrG_5NNdUHgAAABL8we5AACJ1AznZ0-uRrG_5NNdUHgAAABpP6_eAAA=,NEW PO,2026-06-22T08:55:37Z,PENDING_STAGE2,,2026-06-22 09:05:55,2026-07-10 08:05:33,bestellung be-26-00858.pdf,,,,1,,,
AAMkAGEzNTJjNTY1LTAxZjctNGU1My04ZDFkLTBkMTJlZGE0YTUzMwBGAAAAAAC7qJY7ZJJBT5IP79n-R0j-BwCJ1AznZ0-uRrG_5NNdUHgAAABL8we5AACJ1AznZ0-uRrG_5NNdUHgAAABpP6_dAAA=,NEW PO,2026-06-22T08:55:44Z,PENDING_STAGE2,,2026-06-22 09:05:44,2026-07-10 08:05:33,1371761.pdf,,,,1,,,
AAMkAGEzNTJjNTY1LTAxZjctNGU1My04ZDFkLTBkMTJlZGE0YTUzMwBGAAAAAAC7qJY7ZJJBT5IP79n-R0j-BwCJ1AznZ0-uRrG_5NNdUHgAAABL8we5AACJ1AznZ0-uRrG_5NNdUHgAAABpP6_cAAA=,NEW PO,2026-06-22T08:56:48Z,PENDING_STAGE2,,2026-06-22 09:05:29,2026-07-10 08:05:33,oa_oa26_1193_envaliorit.pdf,,,,1,,,
AAMkAGEzNTJjNTY1LTAxZjctNGU1My04ZDFkLTBkMTJlZGE0YTUzMwBGAAAAAAC7qJY7ZJJBT5IP79n-R0j-BwCJ1AznZ0-uRrG_5NNdUHgAAABL8we5AACJ1AznZ0-uRrG_5NNdUHgAAABpP6_bAAA=,NEW PO . ,2026-06-22T06:51:03Z,PENDING_STAGE2,,2026-06-22 07:20:00,2026-07-10 08:05:33,,,,,1,,,
AAMkAGEzNTJjNTY1LTAxZjctNGU1My04ZDFkLTBkMTJlZGE0YTUzMwBGAAAAAAC7qJY7ZJJBT5IP79n-R0j-BwCJ1AznZ0-uRrG_5NNdUHgAAABL8we5AACJ1AznZ0-uRrG_5NNdUHgAAABpP6_aAAA=,NEW PO ,2026-06-22T06:51:31Z,PENDING_STAGE2,,2026-06-22 07:19:56,2026-07-10 08:05:33,,,,,1,,,
AAMkAGEzNTJjNTY1LTAxZjctNGU1My04ZDFkLTBkMTJlZGE0YTUzMwBGAAAAAAC7qJY7ZJJBT5IP79n-R0j-BwCJ1AznZ0-uRrG_5NNdUHgAAABL8we5AACJ1AznZ0-uRrG_5NNdUHgAAABpP6_ZAAA=,NEW PO ,2026-06-22T06:52:13Z,PENDING_STAGE2,,2026-06-22 07:19:51,2026-07-10 08:05:33,,,,,1,,,
AAMkAGEzNTJjNTY1LTAxZjctNGU1My04ZDFkLTBkMTJlZGE0YTUzMwBGAAAAAAC7qJY7ZJJBT5IP79n-R0j-BwCJ1AznZ0-uRrG_5NNdUHgAAABL8we5AACJ1AznZ0-uRrG_5NNdUHgAAABpP6_YAAA=,NEW PO ,2026-06-22T06:52:27Z,PENDING_STAGE2,,2026-06-22 07:19:48,2026-07-10 08:05:33,,,,,1,,,
AAMkAGEzNTJjNTY1LTAxZjctNGU1My04ZDFkLTBkMTJlZGE0YTUzMwBGAAAAAAC7qJY7ZJJBT5IP79n-R0j-BwCJ1AznZ0-uRrG_5NNdUHgAAABL8we5AACJ1AznZ0-uRrG_5NNdUHgAAABpP6_XAAA=,NEW PO ,2026-06-22T06:52:46Z,PENDING_STAGE2,,2026-06-22 07:19:45,2026-07-10 08:05:33,,,,,1,,,
AAMkAGEzNTJjNTY1LTAxZjctNGU1My04ZDFkLTBkMTJlZGE0YTUzMwBGAAAAAAC7qJY7ZJJBT5IP79n-R0j-BwCJ1AznZ0-uRrG_5NNdUHgAAABL8we5AACJ1AznZ0-uRrG_5NNdUHgAAABpP6_WAAA=,NEW PO ,2026-06-22T06:53:39Z,PENDING_STAGE2,,2026-06-22 07:19:40,2026-07-10 08:05:33,,,,,1,,,
AAMkAGEzNTJjNTY1LTAxZjctNGU1My04ZDFkLTBkMTJlZGE0YTUzMwBGAAAAAAC7qJY7ZJJBT5IP79n-R0j-BwCJ1AznZ0-uRrG_5NNdUHgAAABL8we5AACJ1AznZ0-uRrG_5NNdUHgAAABpP6_VAAA=,NEW PO ,2026-06-22T06:53:52Z,PENDING_STAGE2,,2026-06-22 07:19:37,2026-07-10 08:05:33,,,,,1,,,
AAMkAGEzNTJjNTY1LTAxZjctNGU1My04ZDFkLTBkMTJlZGE0YTUzMwBGAAAAAAC7qJY7ZJJBT5IP79n-R0j-BwCJ1AznZ0-uRrG_5NNdUHgAAABL8we5AACJ1AznZ0-uRrG_5NNdUHgAAABpP6_UAAA=,NEW PO ,2026-06-22T06:54:07Z,PENDING_STAGE2,,2026-06-22 07:19:28,2026-07-10 08:05:33,,,,,1,,,
AAMkAGEzNTJjNTY1LTAxZjctNGU1My04ZDFkLTBkMTJlZGE0YTUzMwBGAAAAAAC7qJY7ZJJBT5IP79n-R0j-BwCJ1AznZ0-uRrG_5NNdUHgAAABL8we5AACJ1AznZ0-uRrG_5NNdUHgAAABpP6_TAAA=,NEW PO .,2026-06-22T06:54:07Z,PENDING_STAGE2,,2026-06-22 07:19:24,2026-07-10 08:05:33,,,,,1,,,
AAMkAGEzNTJjNTY1LTAxZjctNGU1My04ZDFkLTBkMTJlZGE0YTUzMwBGAAAAAAC7qJY7ZJJBT5IP79n-R0j-BwCJ1AznZ0-uRrG_5NNdUHgAAABL8we5AACJ1AznZ0-uRrG_5NNdUHgAAABpP6_SAAA=,NEW PO . ,2026-06-22T06:55:22Z,PENDING_STAGE2,,2026-06-22 07:19:11,2026-07-10 08:05:33,,,,,1,,,
AAMkAGEzNTJjNTY1LTAxZjctNGU1My04ZDFkLTBkMTJlZGE0YTUzMwBGAAAAAAC7qJY7ZJJBT5IP79n-R0j-BwCJ1AznZ0-uRrG_5NNdUHgAAABL8we5AACJ1AznZ0-uRrG_5NNdUHgAAABpP6_RAAA=,NEW PO . ,2026-06-22T06:56:18Z,PENDING_STAGE2,,2026-06-22 07:19:04,2026-07-10 08:05:33,,,,,1,,,
AAMkAGEzNTJjNTY1LTAxZjctNGU1My04ZDFkLTBkMTJlZGE0YTUzMwBGAAAAAAC7qJY7ZJJBT5IP79n-R0j-BwCJ1AznZ0-uRrG_5NNdUHgAAABL8we5AACJ1AznZ0-uRrG_5NNdUHgAAABmx3EpAAA=,new po,2026-06-19T18:33:58Z,PENDING_STAGE2,,2026-06-19 18:35:12,2026-07-10 08:05:33,,,,,1,,,
AAMkAGEzNTJjNTY1LTAxZjctNGU1My04ZDFkLTBkMTJlZGE0YTUzMwBGAAAAAAC7qJY7ZJJBT5IP79n-R0j-BwCJ1AznZ0-uRrG_5NNdUHgAAABL8we5AACJ1AznZ0-uRrG_5NNdUHgAAABmx3EoAAA=,NEW PO . ,2026-06-19T17:50:35Z,PENDING_STAGE2,,2026-06-19 17:53:40,2026-07-10 08:05:33,bestellungbe25-00614_20260211164808.475_x.pdf,,,,1,,,
AAMkAGEzNTJjNTY1LTAxZjctNGU1My04ZDFkLTBkMTJlZGE0YTUzMwBGAAAAAAC7qJY7ZJJBT5IP79n-R0j-BwCJ1AznZ0-uRrG_5NNdUHgAAABL8we5AACJ1AznZ0-uRrG_5NNdUHgAAABmx3EnAAA=,new po mail . ,2026-06-19T17:51:10Z,PENDING_STAGE2,,2026-06-19 17:53:36,2026-07-10 08:05:33,bestellung be26-00030.pdf,,,,1,,,
AAMkAGEzNTJjNTY1LTAxZjctNGU1My04ZDFkLTBkMTJlZGE0YTUzMwBGAAAAAAC7qJY7ZJJBT5IP79n-R0j-BwCJ1AznZ0-uRrG_5NNdUHgAAABL8we5AACJ1AznZ0-uRrG_5NNdUHgAAABmx3EmAAA=,NEW PO . ,2026-06-19T13:28:14Z,PENDING_STAGE2,,2026-06-19 13:34:25,2026-07-10 08:05:33,bestellungbe25-00614_20260211164808.475_x.pdf,,,,1,,,
AAMkAGEzNTJjNTY1LTAxZjctNGU1My04ZDFkLTBkMTJlZGE0YTUzMwBGAAAAAAC7qJY7ZJJBT5IP79n-R0j-BwCJ1AznZ0-uRrG_5NNdUHgAAABL8we5AACJ1AznZ0-uRrG_5NNdUHgAAABmx3ElAAA=,NEW PO . ,2026-06-19T13:28:55Z,ROBONA_SENT,,2026-06-19 13:34:19,2026-07-27 12:16:58,"wipak purchase order 4500297688, 500009, 08.01.202.pdf",,,,1,,,
AAMkAGEzNTJjNTY1LTAxZjctNGU1My04ZDFkLTBkMTJlZGE0YTUzMwBGAAAAAAC7qJY7ZJJBT5IP79n-R0j-BwCJ1AznZ0-uRrG_5NNdUHgAAABL8we5AACJ1AznZ0-uRrG_5NNdUHgAAABmx3EkAAA=,NEW PO . ,2026-06-19T13:29:40Z,PENDING_STAGE2,,2026-06-19 13:34:15,2026-07-10 08:05:33,bestellung be26-00030.pdf,,,,1,,,
AAMkAGEzNTJjNTY1LTAxZjctNGU1My04ZDFkLTBkMTJlZGE0YTUzMwBGAAAAAAC7qJY7ZJJBT5IP79n-R0j-BwCJ1AznZ0-uRrG_5NNdUHgAAABL8we5AACJ1AznZ0-uRrG_5NNdUHgAAABmx3EjAAA=,NEW PO . ,2026-06-19T13:30:03Z,PENDING_STAGE2,,2026-06-19 13:34:12,2026-07-10 08:05:33,molex2.pdf,,,,1,,,
AAMkAGEzNTJjNTY1LTAxZjctNGU1My04ZDFkLTBkMTJlZGE0YTUzMwBGAAAAAAC7qJY7ZJJBT5IP79n-R0j-BwCJ1AznZ0-uRrG_5NNdUHgAAABL8we5AACJ1AznZ0-uRrG_5NNdUHgAAABmx3EiAAA=,NEW PO  . ,2026-06-19T13:30:51Z,ROBONA_SENT,,2026-06-19 13:34:08,2026-07-27 12:16:52,oa_oa26_1197_envaliorit.pdf,,,,1,,,
AAMkAGEzNTJjNTY1LTAxZjctNGU1My04ZDFkLTBkMTJlZGE0YTUzMwBGAAAAAAC7qJY7ZJJBT5IP79n-R0j-BwCJ1AznZ0-uRrG_5NNdUHgAAABL8we5AACJ1AznZ0-uRrG_5NNdUHgAAABmx3EhAAA=,NEW PO ,2026-06-19T13:31:14Z,PENDING_STAGE2,,2026-06-19 13:34:04,2026-07-10 08:05:33,purchase order 41246.pdf,,,,1,,,
AAMkAGEzNTJjNTY1LTAxZjctNGU1My04ZDFkLTBkMTJlZGE0YTUzMwBGAAAAAAC7qJY7ZJJBT5IP79n-R0j-BwCJ1AznZ0-uRrG_5NNdUHgAAABL8we5AACJ1AznZ0-uRrG_5NNdUHgAAABmx3EgAAA=,NEW PO . ,2026-06-19T13:31:19Z,PENDING_STAGE2,,2026-06-19 13:34:00,2026-07-10 08:05:33,"südpack-bestellung 4690661, vom 01.04.2026.pdf",,,,1,,,
AAMkAGEzNTJjNTY1LTAxZjctNGU1My04ZDFkLTBkMTJlZGE0YTUzMwBGAAAAAAC7qJY7ZJJBT5IP79n-R0j-BwCJ1AznZ0-uRrG_5NNdUHgAAABL8we5AACJ1AznZ0-uRrG_5NNdUHgAAABmx3EfAAA=,NEW PO . ,2026-06-19T09:44:46Z,ROBONA_SENT,,2026-06-19 13:01:56,2026-07-27 12:16:46,"wipak purchase order 4500297688, 500009, 08.01.202.pdf",,,,1,,,
AAMkAGEzNTJjNTY1LTAxZjctNGU1My04ZDFkLTBkMTJlZGE0YTUzMwBGAAAAAAC7qJY7ZJJBT5IP79n-R0j-BwCJ1AznZ0-uRrG_5NNdUHgAAABL8we5AACJ1AznZ0-uRrG_5NNdUHgAAABmx3EeAAA=,NEW PO ,2026-06-18T19:49:48Z,PENDING_STAGE2,,2026-06-18 19:53:48,2026-07-10 08:05:33,1368569.pdf,,,,1,,,
AAMkAGEzNTJjNTY1LTAxZjctNGU1My04ZDFkLTBkMTJlZGE0YTUzMwBGAAAAAAC7qJY7ZJJBT5IP79n-R0j-BwCJ1AznZ0-uRrG_5NNdUHgAAABL8we5AACJ1AznZ0-uRrG_5NNdUHgAAABmx3EdAAA=,NEWPO,2026-06-18T19:50:10Z,PENDING_STAGE2,,2026-06-18 19:53:43,2026-07-10 08:05:33,wipak walsrode (sold-to 4020036739 - material 38779) - order type kb.pdf,,,,1,,,
AAMkAGEzNTJjNTY1LTAxZjctNGU1My04ZDFkLTBkMTJlZGE0YTUzMwBGAAAAAAC7qJY7ZJJBT5IP79n-R0j-BwCJ1AznZ0-uRrG_5NNdUHgAAABL8we5AACJ1AznZ0-uRrG_5NNdUHgAAABmx3EcAAA=,NEW PO ,2026-06-18T19:50:35Z,PENDING_STAGE2,,2026-06-18 19:53:39,2026-07-10 08:05:33,"südpack-bestellung 4690661, vom 01.04.2026.pdf",,,,1,,,
AAMkAGEzNTJjNTY1LTAxZjctNGU1My04ZDFkLTBkMTJlZGE0YTUzMwBGAAAAAAC7qJY7ZJJBT5IP79n-R0j-BwCJ1AznZ0-uRrG_5NNdUHgAAABL8we5AACJ1AznZ0-uRrG_5NNdUHgAAABmx3EbAAA=,NEW POOO ,2026-06-18T19:50:57Z,PENDING_STAGE2,,2026-06-18 19:53:35,2026-07-10 08:05:33,molex1.pdf,,,,1,,,
AAMkAGEzNTJjNTY1LTAxZjctNGU1My04ZDFkLTBkMTJlZGE0YTUzMwBGAAAAAAC7qJY7ZJJBT5IP79n-R0j-BwCJ1AznZ0-uRrG_5NNdUHgAAABL8we5AACJ1AznZ0-uRrG_5NNdUHgAAABmx3EaAAA=,new po,2026-06-18T19:51:51Z,PENDING_STAGE2,,2026-06-18 19:53:31,2026-07-10 08:05:33,1368568.pdf,,,,1,,,
AAMkAGEzNTJjNTY1LTAxZjctNGU1My04ZDFkLTBkMTJlZGE0YTUzMwBGAAAAAAC7qJY7ZJJBT5IP79n-R0j-BwCJ1AznZ0-uRrG_5NNdUHgAAABL8we5AACJ1AznZ0-uRrG_5NNdUHgAAABmx3EZAAA=,new po ,2026-06-18T18:40:25Z,PENDING_STAGE2,,2026-06-18 18:47:54,2026-07-10 08:05:33,1368569.pdf,,,,1,,,
AAMkAGEzNTJjNTY1LTAxZjctNGU1My04ZDFkLTBkMTJlZGE0YTUzMwBGAAAAAAC7qJY7ZJJBT5IP79n-R0j-BwCJ1AznZ0-uRrG_5NNdUHgAAABL8we5AACJ1AznZ0-uRrG_5NNdUHgAAABmx3EYAAA=,new po ,2026-06-18T18:40:39Z,PENDING_STAGE2,,2026-06-18 18:47:49,2026-07-10 08:05:33,1368568.pdf,,,,1,,,
AAMkAGEzNTJjNTY1LTAxZjctNGU1My04ZDFkLTBkMTJlZGE0YTUzMwBGAAAAAAC7qJY7ZJJBT5IP79n-R0j-BwCJ1AznZ0-uRrG_5NNdUHgAAABL8we5AACJ1AznZ0-uRrG_5NNdUHgAAABmx3EXAAA=,new po ,2026-06-18T18:41:14Z,PENDING_STAGE2,,2026-06-18 18:47:45,2026-07-10 08:05:33,molex1.pdf,,,,1,,,
AAMkAGEzNTJjNTY1LTAxZjctNGU1My04ZDFkLTBkMTJlZGE0YTUzMwBGAAAAAAC7qJY7ZJJBT5IP79n-R0j-BwCJ1AznZ0-uRrG_5NNdUHgAAABL8we5AACJ1AznZ0-uRrG_5NNdUHgAAABmx3EWAAA=,NEw po ,2026-06-18T13:18:04Z,PENDING_STAGE2,,2026-06-18 13:18:25,2026-07-10 08:05:33,"südpack-bestellung 4690661, vom 01.04.2026.pdf",,,,1,,,
AAMkAGEzNTJjNTY1LTAxZjctNGU1My04ZDFkLTBkMTJlZGE0YTUzMwBGAAAAAAC7qJY7ZJJBT5IP79n-R0j-BwCJ1AznZ0-uRrG_5NNdUHgAAABL8we5AACJ1AznZ0-uRrG_5NNdUHgAAABmx3EVAAA=,Fw: New PO,2026-06-18T13:01:07Z,PENDING_STAGE2,,2026-06-18 13:07:50,2026-07-10 08:05:33,molex1.pdf,,,,1,,,
AAMkAGEzNTJjNTY1LTAxZjctNGU1My04ZDFkLTBkMTJlZGE0YTUzMwBGAAAAAAC7qJY7ZJJBT5IP79n-R0j-BwCJ1AznZ0-uRrG_5NNdUHgAAABL8we5AACJ1AznZ0-uRrG_5NNdUHgAAABmx3EUAAA=,Fw: new po,2026-06-18T13:01:44Z,PENDING_STAGE2,,2026-06-18 13:07:46,2026-07-10 08:05:33,wipak walsrode (sold-to 4020036739 - material 38779) - order type kb.pdf,,,,1,,,
AAMkAGEzNTJjNTY1LTAxZjctNGU1My04ZDFkLTBkMTJlZGE0YTUzMwBGAAAAAAC7qJY7ZJJBT5IP79n-R0j-BwCJ1AznZ0-uRrG_5NNdUHgAAABL8we5AACJ1AznZ0-uRrG_5NNdUHgAAABmx3ETAAA=,Fw: New PO,2026-06-18T13:03:02Z,PENDING_STAGE2,,2026-06-18 13:05:02,2026-07-10 08:05:33,,,,,1,,,
AAMkAGEzNTJjNTY1LTAxZjctNGU1My04ZDFkLTBkMTJlZGE0YTUzMwBGAAAAAAC7qJY7ZJJBT5IP79n-R0j-BwCJ1AznZ0-uRrG_5NNdUHgAAABL8we5AACJ1AznZ0-uRrG_5NNdUHgAAABmx3ESAAA=,Fw: new po,2026-06-18T11:22:20Z,PENDING_STAGE2,,2026-06-18 11:29:53,2026-07-10 08:05:33,wipak walsrode (sold-to 4020036739 - material 38779) - order type kb.pdf,,,,1,,,
AAMkAGEzNTJjNTY1LTAxZjctNGU1My04ZDFkLTBkMTJlZGE0YTUzMwBGAAAAAAC7qJY7ZJJBT5IP79n-R0j-BwCJ1AznZ0-uRrG_5NNdUHgAAABL8we5AACJ1AznZ0-uRrG_5NNdUHgAAABmx3ERAAA=,Fw: New PO,2026-06-18T11:22:45Z,PENDING_STAGE2,,2026-06-18 11:29:49,2026-07-10 08:05:33,"südpack-bestellung 4690661, vom 01.04.2026.pdf",,,,1,,,
AAMkAGEzNTJjNTY1LTAxZjctNGU1My04ZDFkLTBkMTJlZGE0YTUzMwBGAAAAAAC7qJY7ZJJBT5IP79n-R0j-BwCJ1AznZ0-uRrG_5NNdUHgAAABL8we5AACJ1AznZ0-uRrG_5NNdUHgAAABmx3EQAAA=,Fw: New PO,2026-06-18T11:22:50Z,PENDING_STAGE2,,2026-06-18 11:29:45,2026-07-10 08:05:33,molex1.pdf,,,,1,,,
AAMkAGEzNTJjNTY1LTAxZjctNGU1My04ZDFkLTBkMTJlZGE0YTUzMwBGAAAAAAC7qJY7ZJJBT5IP79n-R0j-BwCJ1AznZ0-uRrG_5NNdUHgAAABL8we5AACJ1AznZ0-uRrG_5NNdUHgAAABmx3EPAAA=,Fw: New PO,2026-06-18T07:52:00Z,PENDING_STAGE2,,2026-06-18 08:27:04,2026-07-10 08:05:33,,,,,1,,,
AAMkAGEzNTJjNTY1LTAxZjctNGU1My04ZDFkLTBkMTJlZGE0YTUzMwBGAAAAAAC7qJY7ZJJBT5IP79n-R0j-BwCJ1AznZ0-uRrG_5NNdUHgAAABL8we5AACJ1AznZ0-uRrG_5NNdUHgAAABmx3EOAAA=,new po,2026-06-18T07:52:50Z,PENDING_STAGE2,,2026-06-18 08:27:00,2026-07-10 08:05:33,,,,,1,,,
AAMkAGEzNTJjNTY1LTAxZjctNGU1My04ZDFkLTBkMTJlZGE0YTUzMwBGAAAAAAC7qJY7ZJJBT5IP79n-R0j-BwCJ1AznZ0-uRrG_5NNdUHgAAABL8we5AACJ1AznZ0-uRrG_5NNdUHgAAABmx3ENAAA=,New PO,2026-06-18T07:54:25Z,PENDING_STAGE2,,2026-06-18 08:26:57,2026-07-10 08:05:33,,,,,1,,,
AAMkAGEzNTJjNTY1LTAxZjctNGU1My04ZDFkLTBkMTJlZGE0YTUzMwBGAAAAAAC7qJY7ZJJBT5IP79n-R0j-BwCJ1AznZ0-uRrG_5NNdUHgAAABL8we5AACJ1AznZ0-uRrG_5NNdUHgAAABlGpitAAA=,New PO,2026-06-15T07:07:35Z,PENDING_STAGE2,,2026-06-15 08:45:37,2026-07-10 08:05:33,"südpack-bestellung 4690661, vom 01.04.2026.pdf",,,,1,,,
AAMkAGEzNTJjNTY1LTAxZjctNGU1My04ZDFkLTBkMTJlZGE0YTUzMwBGAAAAAAC7qJY7ZJJBT5IP79n-R0j-BwCJ1AznZ0-uRrG_5NNdUHgAAABL8we5AACJ1AznZ0-uRrG_5NNdUHgAAABlGpisAAA=,New PO,2026-06-15T07:07:55Z,PENDING_STAGE2,,2026-06-15 08:45:34,2026-07-10 08:05:33,1371761.pdf,,,,1,,,
AAMkAGEzNTJjNTY1LTAxZjctNGU1My04ZDFkLTBkMTJlZGE0YTUzMwBGAAAAAAC7qJY7ZJJBT5IP79n-R0j-BwCJ1AznZ0-uRrG_5NNdUHgAAABL8we5AACJ1AznZ0-uRrG_5NNdUHgAAABlGpirAAA=,New PO,2026-06-15T07:07:56Z,PENDING_STAGE2,,2026-06-15 08:45:30,2026-07-10 08:05:33,20260212143145.pdf,,,,1,,,
AAMkAGEzNTJjNTY1LTAxZjctNGU1My04ZDFkLTBkMTJlZGE0YTUzMwBGAAAAAAC7qJY7ZJJBT5IP79n-R0j-BwCJ1AznZ0-uRrG_5NNdUHgAAABL8we5AACJ1AznZ0-uRrG_5NNdUHgAAABlGpiqAAA=,New PO,2026-06-15T07:08:20Z,PENDING_STAGE2,,2026-06-15 08:45:25,2026-07-10 08:05:33,bestellung be-26-00858 (1).pdf,,,,1,,,
AAMkAGEzNTJjNTY1LTAxZjctNGU1My04ZDFkLTBkMTJlZGE0YTUzMwBGAAAAAAC7qJY7ZJJBT5IP79n-R0j-BwCJ1AznZ0-uRrG_5NNdUHgAAABL8we5AACJ1AznZ0-uRrG_5NNdUHgAAABlGpipAAA=,New PO,2026-06-15T06:14:30Z,PENDING_STAGE2,,2026-06-15 06:21:05,2026-07-10 08:05:33,bestellung be-26-00858 (1).pdf,,,,1,,,
AAMkAGEzNTJjNTY1LTAxZjctNGU1My04ZDFkLTBkMTJlZGE0YTUzMwBGAAAAAAC7qJY7ZJJBT5IP79n-R0j-BwCJ1AznZ0-uRrG_5NNdUHgAAABL8we5AACJ1AznZ0-uRrG_5NNdUHgAAABlGpioAAA=,New PO,2026-06-15T06:14:55Z,PENDING_STAGE2,,2026-06-15 06:21:01,2026-07-10 08:05:33,20260212143145.pdf,,,,1,,,
AAMkAGEzNTJjNTY1LTAxZjctNGU1My04ZDFkLTBkMTJlZGE0YTUzMwBGAAAAAAC7qJY7ZJJBT5IP79n-R0j-BwCJ1AznZ0-uRrG_5NNdUHgAAABL8we5AACJ1AznZ0-uRrG_5NNdUHgAAABlGpinAAA=,New PO,2026-06-15T06:16:06Z,PENDING_STAGE2,,2026-06-15 06:20:56,2026-07-10 08:05:33,"südpack-bestellung 4690661, vom 01.04.2026.pdf",,,,1,,,
AAMkAGEzNTJjNTY1LTAxZjctNGU1My04ZDFkLTBkMTJlZGE0YTUzMwBGAAAAAAC7qJY7ZJJBT5IP79n-R0j-BwCJ1AznZ0-uRrG_5NNdUHgAAABL8we5AACJ1AznZ0-uRrG_5NNdUHgAAABlGpimAAA=,New PO,2026-06-15T06:16:33Z,PENDING_STAGE2,,2026-06-15 06:20:51,2026-07-10 08:05:33,1371761.pdf,,,,1,,,
AQMkAGEzNTJjNTY1LTAxZjctNGU1My04ZDFkLTBkMTJlZGE0YTUzMwAARgAAA7uoljtkkkFPkg-v2f9HSP8HAInUDOdnT_5Gsb7k011QeAAAAwEMAAAAidQM52dP7kaxvuTTXVB4AAABZRqM2wAAAA==,New PO,2026-06-15T06:14:30Z,PENDING_STAGE2,,2026-06-15 06:17:12,2026-07-10 08:05:33,,,,,1,,,
AQMkAGEzNTJjNTY1LTAxZjctNGU1My04ZDFkLTBkMTJlZGE0YTUzMwAARgAAA7uoljtkkkFPkg-v2f9HSP8HAInUDOdnT_5Gsb7k011QeAAAAwEMAAAAidQM52dP7kaxvuTTXVB4AAABZRqM3AAAAA==,New PO,2026-06-15T06:14:55Z,PENDING_STAGE2,,2026-06-15 06:17:10,2026-07-10 08:05:33,,,,,1,,,
AQMkAGEzNTJjNTY1LTAxZjctNGU1My04ZDFkLTBkMTJlZGE0YTUzMwAARgAAA7uoljtkkkFPkg-v2f9HSP8HAInUDOdnT_5Gsb7k011QeAAAAwEMAAAAidQM52dP7kaxvuTTXVB4AAABZRqM3QAAAA==,New PO,2026-06-15T06:16:06Z,PENDING_STAGE2,,2026-06-15 06:17:09,2026-07-10 08:05:33,,,,,1,,,
AQMkAGEzNTJjNTY1LTAxZjctNGU1My04ZDFkLTBkMTJlZGE0YTUzMwAARgAAA7uoljtkkkFPkg-v2f9HSP8HAInUDOdnT_5Gsb7k011QeAAAAwEMAAAAidQM52dP7kaxvuTTXVB4AAABZRqM3gAAAA==,New PO,2026-06-15T06:16:33Z,PENDING_STAGE2,,2026-06-15 06:17:08,2026-07-10 08:05:33,,,,,1,,,
AAMkAGEzNTJjNTY1LTAxZjctNGU1My04ZDFkLTBkMTJlZGE0YTUzMwBGAAAAAAC7qJY7ZJJBT5IP79n-R0j-BwCJ1AznZ0-uRrG_5NNdUHgAAABL8we5AACJ1AznZ0-uRrG_5NNdUHgAAABkX5udAAA=,new po,2026-06-14T15:22:19Z,PENDING_STAGE2,,2026-06-15 05:50:18,2026-07-10 08:05:33,1368568.pdf,,,,1,,,
AAMkAGEzNTJjNTY1LTAxZjctNGU1My04ZDFkLTBkMTJlZGE0YTUzMwBGAAAAAAC7qJY7ZJJBT5IP79n-R0j-BwCJ1AznZ0-uRrG_5NNdUHgAAABL8we5AACJ1AznZ0-uRrG_5NNdUHgAAABkX5ucAAA=,New PO,2026-06-14T15:22:57Z,PENDING_STAGE2,,2026-06-15 05:48:40,2026-07-10 08:05:33,"südpack-bestellung 4690661, vom 01.04.2026.pdf",,,,1,,,
AAMkAGEzNTJjNTY1LTAxZjctNGU1My04ZDFkLTBkMTJlZGE0YTUzMwBGAAAAAAC7qJY7ZJJBT5IP79n-R0j-BwCJ1AznZ0-uRrG_5NNdUHgAAABL8we5AACJ1AznZ0-uRrG_5NNdUHgAAABkX5ubAAA=,New PO,2026-06-14T15:23:17Z,ROBONA_SENT,,2026-06-15 05:47:10,2026-07-27 12:16:41,"wipak purchase order 4500297688, 500009, 08.01.202.pdf",,,,1,,,
AQMkAGEzNTJjNTY1LTAxZjctNGU1My04ZDFkLTBkMTJlZGE0YTUzMwAARgAAA7uoljtkkkFPkg-v2f9HSP8HAInUDOdnT_5Gsb7k011QeAAAAwEMAAAAidQM52dP7kaxvuTTXVB4AAABZF_CMQAAAA==,new po,2026-06-14T15:22:19Z,PENDING_STAGE2,,2026-06-14 16:15:34,2026-07-10 08:05:33,,,,,1,,,
AQMkAGEzNTJjNTY1LTAxZjctNGU1My04ZDFkLTBkMTJlZGE0YTUzMwAARgAAA7uoljtkkkFPkg-v2f9HSP8HAInUDOdnT_5Gsb7k011QeAAAAwEMAAAAidQM52dP7kaxvuTTXVB4AAABZF_CMwAAAA==,New PO,2026-06-14T15:23:17Z,PENDING_STAGE2,,2026-06-14 16:15:33,2026-07-10 08:05:33,,,,,1,,,
AQMkAGEzNTJjNTY1LTAxZjctNGU1My04ZDFkLTBkMTJlZGE0YTUzMwAARgAAA7uoljtkkkFPkg-v2f9HSP8HAInUDOdnT_5Gsb7k011QeAAAAwEMAAAAidQM52dP7kaxvuTTXVB4AAABZF_CMgAAAA==,New PO,2026-06-14T15:22:57Z,PENDING_STAGE2,,2026-06-14 16:15:33,2026-07-10 08:05:33,,,,,1,,,
AAMkAGEzNTJjNTY1LTAxZjctNGU1My04ZDFkLTBkMTJlZGE0YTUzMwBGAAAAAAC7qJY7ZJJBT5IP79n-R0j-BwCJ1AznZ0-uRrG_5NNdUHgAAABgPpcjAACJ1AznZ0-uRrG_5NNdUHgAAABiWqv0AAA=,FW: Touchless orders - benötige PO Kopien (möglichst heute),2026-06-12T10:34:45Z,PENDING_STAGE2,,2026-06-12 12:58:11,2026-07-10 08:05:33,body_aamkagez_fw_ touchless orders - benötige po kopien (möglichst heute).txt,,,,1,,,
AAMkAGEzNTJjNTY1LTAxZjctNGU1My04ZDFkLTBkMTJlZGE0YTUzMwBGAAAAAAC7qJY7ZJJBT5IP79n-R0j-BwCJ1AznZ0-uRrG_5NNdUHgAAABgPpcjAACJ1AznZ0-uRrG_5NNdUHgAAABiWqvzAAA=,FW: Touchless orders - benötige PO Kopien (möglichst heute),2026-06-12T10:34:46Z,PENDING_STAGE2,,2026-06-12 12:58:08,2026-07-10 08:05:33,body_aamkagez_fw_ touchless orders - benötige po kopien (möglichst heute).txt,,,,1,,,
AAMkAGEzNTJjNTY1LTAxZjctNGU1My04ZDFkLTBkMTJlZGE0YTUzMwBGAAAAAAC7qJY7ZJJBT5IP79n-R0j-BwCJ1AznZ0-uRrG_5NNdUHgAAABgPpcjAACJ1AznZ0-uRrG_5NNdUHgAAABiWqvyAAA=,FW: Bestellung BE-26-00587; 1506404; 1506403 SO# BE-26-00587,2026-06-12T10:34:47Z,ROBONA_SENT,,2026-06-12 12:58:04,2026-07-20 10:52:57,body_aamkagez_fw_ bestellung be-26-00587; 1506404; 1506403 so# be-26-00587.txt,,,,1,,,
AAMkAGEzNTJjNTY1LTAxZjctNGU1My04ZDFkLTBkMTJlZGE0YTUzMwBGAAAAAAC7qJY7ZJJBT5IP79n-R0j-BwCJ1AznZ0-uRrG_5NNdUHgAAABgPpcjAACJ1AznZ0-uRrG_5NNdUHgAAABiWqvxAAA=,FW: FOR TESTING WG: Bestellung BE-26-00858; 1519728; 1519731; 1519732; 1519733; 1519734; 1519736; 1519738; 1519739; 1519740; 1519742 SO# BE-26-00858,2026-06-12T10:34:48Z,ROBONA_SENT,,2026-06-12 12:58:01,2026-07-27 12:16:34,body_aamkagez_fw_ for testing wg_ bestellung be-26-00858; 1519728; 1519731; 1519732; 1519733; .txt,,,,1,,,
AAMkAGEzNTJjNTY1LTAxZjctNGU1My04ZDFkLTBkMTJlZGE0YTUzMwBGAAAAAAC7qJY7ZJJBT5IP79n-R0j-BwCJ1AznZ0-uRrG_5NNdUHgAAABgPpcjAACJ1AznZ0-uRrG_5NNdUHgAAABiWqvwAAA=,FW: Yeni sipariş: 1002134183  // FOR TESTING,2026-06-12T10:34:49Z,ROBONA_SENT,,2026-06-12 12:57:57,2026-07-16 09:32:57,po_1002134183_aamkagez.pdf,,,,1,,,
AAMkAGEzNTJjNTY1LTAxZjctNGU1My04ZDFkLTBkMTJlZGE0YTUzMwBGAAAAAAC7qJY7ZJJBT5IP79n-R0j-BwCJ1AznZ0-uRrG_5NNdUHgAAABgPpcjAACJ1AznZ0-uRrG_5NNdUHgAAABiWqvvAAA=,FW: BAP SK/ PO 4500090003 FOR TESTING,2026-06-12T10:34:50Z,ROBONA_SENT,,2026-06-12 12:57:53,2026-07-16 09:32:53,po 4500090003_aamkagez.pdf,,,,1,,,
AAMkAGEzNTJjNTY1LTAxZjctNGU1My04ZDFkLTBkMTJlZGE0YTUzMwBGAAAAAAC7qJY7ZJJBT5IP79n-R0j-BwCJ1AznZ0-uRrG_5NNdUHgAAABgPpcjAACJ1AznZ0-uRrG_5NNdUHgAAABiWqvuAAA=,FW: VO-2026-311-000149 / FOR TESTING,2026-06-12T10:34:51Z,ROBONA_SENT,,2026-06-12 12:57:48,2026-07-27 12:16:29,vo-2026-311-000149_aamkagez.pdf,,,,1,,,
AAMkAGEzNTJjNTY1LTAxZjctNGU1My04ZDFkLTBkMTJlZGE0YTUzMwBGAAAAAAC7qJY7ZJJBT5IP79n-R0j-BwCJ1AznZ0-uRrG_5NNdUHgAAABgPpcjAACJ1AznZ0-uRrG_5NNdUHgAAABiWqvtAAA=,FW: Durethan BKV 30 FN04 901510 - for TESTING,2026-06-12T10:34:52Z,ROBONA_SENT,,2026-06-12 12:57:43,2026-07-16 09:32:50,4500029652 envalior_aamkagez.pdf,,,,1,,,
AAMkAGEzNTJjNTY1LTAxZjctNGU1My04ZDFkLTBkMTJlZGE0YTUzMwBGAAAAAAC7qJY7ZJJBT5IP79n-R0j-BwCJ1AznZ0-uRrG_5NNdUHgAAABgPpcjAACJ1AznZ0-uRrG_5NNdUHgAAABiWqvsAAA=,FW: new order EB022692 - Arnite TV4 261/A mit 30% Glasfasern // FOR TESTING,2026-06-12T10:34:53Z,PENDING_STAGE2,,2026-06-12 12:57:39,2026-07-10 08:05:33,doc010626-01062026071456_aamkagez.pdf,,,,1,,,
AAMkAGEzNTJjNTY1LTAxZjctNGU1My04ZDFkLTBkMTJlZGE0YTUzMwBGAAAAAAC7qJY7ZJJBT5IP79n-R0j-BwCJ1AznZ0-uRrG_5NNdUHgAAABgPpcjAACJ1AznZ0-uRrG_5NNdUHgAAABiWqvrAAA=,FW: Megrendelés - 4800013671 // FOR TESTING,2026-06-12T10:34:54Z,PENDING_STAGE2,,2026-06-12 12:57:34,2026-07-10 08:05:33,envalior-2026-04-13_aamkagez.pdf,,,,1,,,
AAMkAGEzNTJjNTY1LTAxZjctNGU1My04ZDFkLTBkMTJlZGE0YTUzMwBGAAAAAAC7qJY7ZJJBT5IP79n-R0j-BwCJ1AznZ0-uRrG_5NNdUHgAAABgPpcjAACJ1AznZ0-uRrG_5NNdUHgAAABiWqvqAAA=,FW: 852915: PA6GF30 Durethan BKV30 H2.0 901510 black FOR TESTING,2026-06-12T10:34:57Z,PENDING_STAGE2,,2026-06-12 12:57:28,2026-07-10 08:05:33,body_aamkagez_fw_ 852915_ pa6gf30 durethan bkv30 h2.0 901510 black for testing.txt,,,,1,,,
AAMkAGEzNTJjNTY1LTAxZjctNGU1My04ZDFkLTBkMTJlZGE0YTUzMwBGAAAAAAC7qJY7ZJJBT5IP79n-R0j-BwCJ1AznZ0-uRrG_5NNdUHgAAABgPpcjAACJ1AznZ0-uRrG_5NNdUHgAAABiWqvpAAA=,FW: cerere of de pret // FOR TESTING,2026-06-12T10:34:57Z,PENDING_STAGE2,,2026-06-12 12:57:23,2026-07-10 08:05:33,body_aamkagez_fw_ cerere of de pret __ for testing.txt,,,,1,,,
AAMkAGEzNTJjNTY1LTAxZjctNGU1My04ZDFkLTBkMTJlZGE0YTUzMwBGAAAAAAC7qJY7ZJJBT5IP79n-R0j-BwCJ1AznZ0-uRrG_5NNdUHgAAABgPpcjAACJ1AznZ0-uRrG_5NNdUHgAAABiWqvoAAA=,FW: Request for Support on PA66 Raw Material Supply_2026_02_12 // FOR TESTING - hard one,2026-06-12T10:34:58Z,PENDING_STAGE2,,2026-06-12 12:57:17,2026-07-10 08:05:33,body_aamkagez_fw_ request for support on pa66 raw material supply_2026_02_12 __ for testing - .txt,,,,1,,,
AAMkAGEzNTJjNTY1LTAxZjctNGU1My04ZDFkLTBkMTJlZGE0YTUzMwBGAAAAAAC7qJY7ZJJBT5IP79n-R0j-BwCJ1AznZ0-uRrG_5NNdUHgAAABL8we4AACJ1AznZ0-uRrG_5NNdUHgAAABiWqQVAAA=,FW: New Order PO 309 // FOR TESTING,2026-06-12T10:34:59Z,PENDING_STAGE2,,2026-06-12 12:57:10,2026-07-10 08:05:33,body_aamkagez_fw_ new order po 309 __ for testing.txt,,,,1,,,
AAMkAGEzNTJjNTY1LTAxZjctNGU1My04ZDFkLTBkMTJlZGE0YTUzMwBGAAAAAAC7qJY7ZJJBT5IP79n-R0j-BwCJ1AznZ0-uRrG_5NNdUHgAAABgPpcjAACJ1AznZ0-uRrG_5NNdUHgAAABiWqvnAAA=,FW: FOR TESTING: 1534916_: PO 10260859 Gaudlitz Precision s.r.o.,2026-06-12T10:35:01Z,ROBONA_SENT,,2026-06-12 12:57:03,2026-07-20 10:52:53,body_aamkagez_fw_ for testing_ 1534916__ po 10260859 gaudlitz precision s.r.o..txt,,,,1,,,
AQMkAGEzNTJjNTY1LTAxZjctNGU1My04ZDFkLTBkMTJlZGE0YTUzMwAARgAAA7uoljtkkkFPkg-v2f9HSP8HAInUDOdnT_5Gsb7k011QeAAAAwEJAAAAidQM52dP7kaxvuTTXVB4AAABYlqoDgAAAA==,FW: FOR TESTING: 1534916_: PO 10260859 Gaudlitz Precision s.r.o.,2026-06-12T12:15:06Z,ROBONA_SENT,,2026-06-12 12:56:55,2026-07-20 10:52:49,body_aqmkagez_fw_ for testing_ 1534916__ po 10260859 gaudlitz precision s.r.o..txt,,,,1,,,
AQMkAGEzNTJjNTY1LTAxZjctNGU1My04ZDFkLTBkMTJlZGE0YTUzMwAARgAAA7uoljtkkkFPkg-v2f9HSP8HAInUDOdnT_5Gsb7k011QeAAAAwEJAAAAidQM52dP7kaxvuTTXVB4AAABYlqoEAAAAA==,FW: Request for Support on PA66 Raw Material Supply_2026_02_12 // FOR TESTING - hard one,2026-06-12T12:15:07Z,PENDING_STAGE2,,2026-06-12 12:56:48,2026-07-10 08:05:33,body_aqmkagez_fw_ request for support on pa66 raw material supply_2026_02_12 __ for testing - .txt,,,,1,,,
AQMkAGEzNTJjNTY1LTAxZjctNGU1My04ZDFkLTBkMTJlZGE0YTUzMwAARgAAA7uoljtkkkFPkg-v2f9HSP8HAInUDOdnT_5Gsb7k011QeAAAAwEJAAAAidQM52dP7kaxvuTTXVB4AAABYlqoEgAAAA==,FW: cerere of de pret // FOR TESTING,2026-06-12T12:15:10Z,PENDING_STAGE2,,2026-06-12 12:56:43,2026-07-10 08:05:33,body_aqmkagez_fw_ cerere of de pret __ for testing.txt,,,,1,,,
AQMkAGEzNTJjNTY1LTAxZjctNGU1My04ZDFkLTBkMTJlZGE0YTUzMwAARgAAA7uoljtkkkFPkg-v2f9HSP8HAInUDOdnT_5Gsb7k011QeAAAAwEJAAAAidQM52dP7kaxvuTTXVB4AAABYlqoFAAAAA==,FW: 852915: PA6GF30 Durethan BKV30 H2.0 901510 black FOR TESTING,2026-06-12T12:15:11Z,PENDING_STAGE2,,2026-06-12 12:56:36,2026-07-10 08:05:33,body_aqmkagez_fw_ 852915_ pa6gf30 durethan bkv30 h2.0 901510 black for testing.txt,,,,1,,,
AQMkAGEzNTJjNTY1LTAxZjctNGU1My04ZDFkLTBkMTJlZGE0YTUzMwAARgAAA7uoljtkkkFPkg-v2f9HSP8HAInUDOdnT_5Gsb7k011QeAAAAwEJAAAAidQM52dP7kaxvuTTXVB4AAABYlqoFgAAAA==,FW: Megrendelés - 4800013671 // FOR TESTING,2026-06-12T12:15:14Z,PENDING_STAGE2,,2026-06-12 12:56:31,2026-07-10 08:05:33,envalior-2026-04-13_aqmkagez.pdf,,,,1,,,
AQMkAGEzNTJjNTY1LTAxZjctNGU1My04ZDFkLTBkMTJlZGE0YTUzMwAARgAAA7uoljtkkkFPkg-v2f9HSP8HAInUDOdnT_5Gsb7k011QeAAAAwEJAAAAidQM52dP7kaxvuTTXVB4AAABYlqoGAAAAA==,FW: new order EB022692 - Arnite TV4 261/A mit 30% Glasfasern // FOR TESTING,2026-06-12T12:15:15Z,PENDING_STAGE2,,2026-06-12 12:56:27,2026-07-10 08:05:33,doc010626-01062026071456_aqmkagez.pdf,,,,1,,,
AQMkAGEzNTJjNTY1LTAxZjctNGU1My04ZDFkLTBkMTJlZGE0YTUzMwAARgAAA7uoljtkkkFPkg-v2f9HSP8HAInUDOdnT_5Gsb7k011QeAAAAwEJAAAAidQM52dP7kaxvuTTXVB4AAABYlqoGgAAAA==,FW: Durethan BKV 30 FN04 901510 - for TESTING,2026-06-12T12:15:15Z,ROBONA_SENT,,2026-06-12 12:56:23,2026-07-16 09:32:46,4500029652 envalior_aqmkagez.pdf,,,,1,,,
AQMkAGEzNTJjNTY1LTAxZjctNGU1My04ZDFkLTBkMTJlZGE0YTUzMwAARgAAA7uoljtkkkFPkg-v2f9HSP8HAInUDOdnT_5Gsb7k011QeAAAAwEJAAAAidQM52dP7kaxvuTTXVB4AAABYlqoHAAAAA==,FW: VO-2026-311-000149 / FOR TESTING,2026-06-12T12:15:18Z,ROBONA_SENT,,2026-06-12 12:56:18,2026-07-27 12:16:23,vo-2026-311-000149_aqmkagez.pdf,,,,1,,,
AQMkAGEzNTJjNTY1LTAxZjctNGU1My04ZDFkLTBkMTJlZGE0YTUzMwAARgAAA7uoljtkkkFPkg-v2f9HSP8HAInUDOdnT_5Gsb7k011QeAAAAwEJAAAAidQM52dP7kaxvuTTXVB4AAABYlqoHgAAAA==,FW: BAP SK/ PO 4500090003 FOR TESTING,2026-06-12T12:15:19Z,ROBONA_SENT,,2026-06-12 12:56:14,2026-07-16 09:32:43,po 4500090003_aqmkagez.pdf,,,,1,,,
AQMkAGEzNTJjNTY1LTAxZjctNGU1My04ZDFkLTBkMTJlZGE0YTUzMwAARgAAA7uoljtkkkFPkg-v2f9HSP8HAInUDOdnT_5Gsb7k011QeAAAAwEJAAAAidQM52dP7kaxvuTTXVB4AAABYlqoIAAAAA==,FW: Yeni sipariş: 1002134183  // FOR TESTING,2026-06-12T12:15:20Z,ROBONA_SENT,,2026-06-12 12:56:10,2026-07-16 09:32:40,po_1002134183_aqmkagez.pdf,,,,1,,,
AQMkAGEzNTJjNTY1LTAxZjctNGU1My04ZDFkLTBkMTJlZGE0YTUzMwAARgAAA7uoljtkkkFPkg-v2f9HSP8HAInUDOdnT_5Gsb7k011QeAAAAwEJAAAAidQM52dP7kaxvuTTXVB4AAABYlqoIgAAAA==,FW: FOR TESTING WG: Bestellung BE-26-00858; 1519728; 1519731; 1519732; 1519733; 1519734; 1519736; 1519738; 1519739; 1519740; 1519742 SO# BE-26-00858,2026-06-12T12:15:22Z,ROBONA_SENT,,2026-06-12 12:56:06,2026-07-27 12:16:18,body_aqmkagez_fw_ for testing wg_ bestellung be-26-00858; 1519728; 1519731; 1519732; 1519733; .txt,,,,1,,,
AQMkAGEzNTJjNTY1LTAxZjctNGU1My04ZDFkLTBkMTJlZGE0YTUzMwAARgAAA7uoljtkkkFPkg-v2f9HSP8HAInUDOdnT_5Gsb7k011QeAAAAwEJAAAAidQM52dP7kaxvuTTXVB4AAABYlqoJAAAAA==,FW: Bestellung BE-26-00587; 1506404; 1506403 SO# BE-26-00587,2026-06-12T12:15:23Z,ROBONA_SENT,,2026-06-12 12:56:03,2026-07-20 10:52:46,body_aqmkagez_fw_ bestellung be-26-00587; 1506404; 1506403 so# be-26-00587.txt,,,,1,,,
AQMkAGEzNTJjNTY1LTAxZjctNGU1My04ZDFkLTBkMTJlZGE0YTUzMwAARgAAA7uoljtkkkFPkg-v2f9HSP8HAInUDOdnT_5Gsb7k011QeAAAAwEJAAAAidQM52dP7kaxvuTTXVB4AAABYlqoJgAAAA==,FW: Touchless orders - benötige PO Kopien (möglichst heute),2026-06-12T12:15:26Z,PENDING_STAGE2,,2026-06-12 12:56:00,2026-07-10 08:05:33,body_aqmkagez_fw_ touchless orders - benötige po kopien (möglichst heute).txt,,,,1,,,
AQMkAGEzNTJjNTY1LTAxZjctNGU1My04ZDFkLTBkMTJlZGE0YTUzMwAARgAAA7uoljtkkkFPkg-v2f9HSP8HAInUDOdnT_5Gsb7k011QeAAAAwEJAAAAidQM52dP7kaxvuTTXVB4AAABYlqoKAAAAA==,FW: Touchless orders - benötige PO Kopien (möglichst heute),2026-06-12T12:15:26Z,PENDING_STAGE2,,2026-06-12 12:55:56,2026-07-10 08:05:33,body_aqmkagez_fw_ touchless orders - benötige po kopien (möglichst heute).txt,,,,1,,,
AQMkAGEzNTJjNTY1LTAxZjctNGU1My04ZDFkLTBkMTJlZGE0YTUzMwAARgAAA7uoljtkkkFPkg-v2f9HSP8HAInUDOdnT_5Gsb7k011QeAAAAwEJAAAAidQM52dP7kaxvuTTXVB4AAABYlqoKgAAAA==,FW: Touchless orders - benötige PO Kopien (möglichst heute),2026-06-12T12:15:27Z,PENDING_STAGE2,,2026-06-12 12:55:53,2026-07-10 08:05:33,body_aqmkagez_fw_ touchless orders - benötige po kopien (möglichst heute).txt,,,,1,,,
AQMkAGEzNTJjNTY1LTAxZjctNGU1My04ZDFkLTBkMTJlZGE0YTUzMwAARgAAA7uoljtkkkFPkg-v2f9HSP8HAInUDOdnT_5Gsb7k011QeAAAAwEJAAAAidQM52dP7kaxvuTTXVB4AAABYlqoLAAAAA==,FW: Bestellung BE-26-00587; 1506404; 1506403 SO# BE-26-00587,2026-06-12T12:15:58Z,ROBONA_SENT,,2026-06-12 12:55:49,2026-07-20 10:52:41,body_aqmkagez_fw_ bestellung be-26-00587; 1506404; 1506403 so# be-26-00587.txt,,,,1,,,
AQMkAGEzNTJjNTY1LTAxZjctNGU1My04ZDFkLTBkMTJlZGE0YTUzMwAARgAAA7uoljtkkkFPkg-v2f9HSP8HAInUDOdnT_5Gsb7k011QeAAAAwEJAAAAidQM52dP7kaxvuTTXVB4AAABYlqoLgAAAA==,FW: FOR TESTING WG: Bestellung BE-26-00858; 1519728; 1519731; 1519732; 1519733; 1519734; 1519736; 1519738; 1519739; 1519740; 1519742 SO# BE-26-00858,2026-06-12T12:15:59Z,ROBONA_SENT,,2026-06-12 12:55:46,2026-07-27 12:16:13,body_aqmkagez_fw_ for testing wg_ bestellung be-26-00858; 1519728; 1519731; 1519732; 1519733; .txt,,,,1,,,
AQMkAGEzNTJjNTY1LTAxZjctNGU1My04ZDFkLTBkMTJlZGE0YTUzMwAARgAAA7uoljtkkkFPkg-v2f9HSP8HAInUDOdnT_5Gsb7k011QeAAAAwEJAAAAidQM52dP7kaxvuTTXVB4AAABYlqoMAAAAA==,FW: Yeni sipariş: 1002134183  // FOR TESTING,2026-06-12T12:15:59Z,ROBONA_SENT,,2026-06-12 12:55:42,2026-07-16 09:32:37,po_1002134183_aqmkagez.pdf,,,,1,,,
AQMkAGEzNTJjNTY1LTAxZjctNGU1My04ZDFkLTBkMTJlZGE0YTUzMwAARgAAA7uoljtkkkFPkg-v2f9HSP8HAInUDOdnT_5Gsb7k011QeAAAAwEJAAAAidQM52dP7kaxvuTTXVB4AAABYlqoMgAAAA==,FW: BAP SK/ PO 4500090003 FOR TESTING,2026-06-12T12:16:00Z,ROBONA_SENT,,2026-06-12 12:55:38,2026-07-16 09:32:02,po 4500090003_aqmkagez.pdf,,,,1,,,
AQMkAGEzNTJjNTY1LTAxZjctNGU1My04ZDFkLTBkMTJlZGE0YTUzMwAARgAAA7uoljtkkkFPkg-v2f9HSP8HAInUDOdnT_5Gsb7k011QeAAAAwEJAAAAidQM52dP7kaxvuTTXVB4AAABYlqoNAAAAA==,FW: VO-2026-311-000149 / FOR TESTING,2026-06-12T12:16:01Z,ROBONA_SENT,,2026-06-12 12:55:33,2026-07-27 12:16:08,vo-2026-311-000149_aqmkagez.pdf,,,,1,,,
AQMkAGEzNTJjNTY1LTAxZjctNGU1My04ZDFkLTBkMTJlZGE0YTUzMwAARgAAA7uoljtkkkFPkg-v2f9HSP8HAInUDOdnT_5Gsb7k011QeAAAAwEJAAAAidQM52dP7kaxvuTTXVB4AAABYlqoNgAAAA==,FW: Durethan BKV 30 FN04 901510 - for TESTING,2026-06-12T12:16:01Z,ROBONA_SENT,,2026-06-12 12:55:29,2026-07-16 09:31:59,4500029652 envalior_aqmkagez.pdf,,,,1,,,
AQMkAGEzNTJjNTY1LTAxZjctNGU1My04ZDFkLTBkMTJlZGE0YTUzMwAARgAAA7uoljtkkkFPkg-v2f9HSP8HAInUDOdnT_5Gsb7k011QeAAAAwEJAAAAidQM52dP7kaxvuTTXVB4AAABYlqoOAAAAA==,FW: new order EB022692 - Arnite TV4 261/A mit 30% Glasfasern // FOR TESTING,2026-06-12T12:16:02Z,PENDING_STAGE2,,2026-06-12 12:55:25,2026-07-10 08:05:33,doc010626-01062026071456_aqmkagez.pdf,,,,1,,,
AQMkAGEzNTJjNTY1LTAxZjctNGU1My04ZDFkLTBkMTJlZGE0YTUzMwAARgAAA7uoljtkkkFPkg-v2f9HSP8HAInUDOdnT_5Gsb7k011QeAAAAwEJAAAAidQM52dP7kaxvuTTXVB4AAABYlqoOgAAAA==,FW: Megrendelés - 4800013671 // FOR TESTING,2026-06-12T12:16:03Z,PENDING_STAGE2,,2026-06-12 12:55:20,2026-07-10 08:05:33,envalior-2026-04-13_aqmkagez.pdf,,,,1,,,
AQMkAGEzNTJjNTY1LTAxZjctNGU1My04ZDFkLTBkMTJlZGE0YTUzMwAARgAAA7uoljtkkkFPkg-v2f9HSP8HAInUDOdnT_5Gsb7k011QeAAAAwEJAAAAidQM52dP7kaxvuTTXVB4AAABYlqoPAAAAA==,FW: 852915: PA6GF30 Durethan BKV30 H2.0 901510 black FOR TESTING,2026-06-12T12:16:04Z,PENDING_STAGE2,,2026-06-12 12:55:13,2026-07-10 08:05:33,body_aqmkagez_fw_ 852915_ pa6gf30 durethan bkv30 h2.0 901510 black for testing.txt,,,,1,,,
AQMkAGEzNTJjNTY1LTAxZjctNGU1My04ZDFkLTBkMTJlZGE0YTUzMwAARgAAA7uoljtkkkFPkg-v2f9HSP8HAInUDOdnT_5Gsb7k011QeAAAAwEJAAAAidQM52dP7kaxvuTTXVB4AAABYlqoPgAAAA==,FW: cerere of de pret // FOR TESTING,2026-06-12T12:16:05Z,PENDING_STAGE2,,2026-06-12 12:55:09,2026-07-10 08:05:33,body_aqmkagez_fw_ cerere of de pret __ for testing.txt,,,,1,,,
AQMkAGEzNTJjNTY1LTAxZjctNGU1My04ZDFkLTBkMTJlZGE0YTUzMwAARgAAA7uoljtkkkFPkg-v2f9HSP8HAInUDOdnT_5Gsb7k011QeAAAAwEJAAAAidQM52dP7kaxvuTTXVB4AAABYlqoQAAAAA==,FW: Request for Support on PA66 Raw Material Supply_2026_02_12 // FOR TESTING - hard one,2026-06-12T12:16:06Z,PENDING_STAGE2,,2026-06-12 12:55:01,2026-07-10 08:05:33,body_aqmkagez_fw_ request for support on pa66 raw material supply_2026_02_12 __ for testing - .txt,,,,1,,,
AQMkAGEzNTJjNTY1LTAxZjctNGU1My04ZDFkLTBkMTJlZGE0YTUzMwAARgAAA7uoljtkkkFPkg-v2f9HSP8HAInUDOdnT_5Gsb7k011QeAAAAwEJAAAAidQM52dP7kaxvuTTXVB4AAABYlqoQgAAAA==,FW: New Order PO 309 // FOR TESTING,2026-06-12T12:16:07Z,PENDING_STAGE2,,2026-06-12 12:54:53,2026-07-10 08:05:33,body_aqmkagez_fw_ new order po 309 __ for testing.txt,,,,1,,,
AQMkAGEzNTJjNTY1LTAxZjctNGU1My04ZDFkLTBkMTJlZGE0YTUzMwAARgAAA7uoljtkkkFPkg-v2f9HSP8HAInUDOdnT_5Gsb7k011QeAAAAwEJAAAAidQM52dP7kaxvuTTXVB4AAABYlqoRAAAAA==,FW: FOR TESTING: 1534916_: PO 10260859 Gaudlitz Precision s.r.o.,2026-06-12T12:16:08Z,ROBONA_SENT,,2026-06-12 12:54:46,2026-07-20 10:52:38,body_aqmkagez_fw_ for testing_ 1534916__ po 10260859 gaudlitz precision s.r.o..txt,,,,1,,,
AAMkAGEzNTJjNTY1LTAxZjctNGU1My04ZDFkLTBkMTJlZGE0YTUzMwBGAAAAAAC7qJY7ZJJBT5IP79n-R0j-BwCJ1AznZ0-uRrG_5NNdUHgAAABgPpcjAACJ1AznZ0-uRrG_5NNdUHgAAABiWqvmAAA=,FW: FOR TESTING: 1534916_: PO 10260859 Gaudlitz Precision s.r.o.,2026-06-10T07:09:33Z,ROBONA_SENT,,2026-06-12 11:44:15,2026-07-20 10:52:34,body_aamkagez_fw_ for testing_ 1534916__ po 10260859 gaudlitz precision s.r.o..txt,,,,1,,,
AAMkAGEzNTJjNTY1LTAxZjctNGU1My04ZDFkLTBkMTJlZGE0YTUzMwBGAAAAAAC7qJY7ZJJBT5IP79n-R0j-BwCJ1AznZ0-uRrG_5NNdUHgAAABgPpcjAACJ1AznZ0-uRrG_5NNdUHgAAABiWqvlAAA=,FW: New Order PO 309 // FOR TESTING,2026-06-10T07:09:38Z,PENDING_STAGE2,,2026-06-12 11:44:11,2026-07-10 08:05:33,envalior deutschland gmbh # 309 # (06.04.26)_aamkagez.pdf,,,,1,,,
AAMkAGEzNTJjNTY1LTAxZjctNGU1My04ZDFkLTBkMTJlZGE0YTUzMwBGAAAAAAC7qJY7ZJJBT5IP79n-R0j-BwCJ1AznZ0-uRrG_5NNdUHgAAABgPpcjAACJ1AznZ0-uRrG_5NNdUHgAAABiWqvkAAA=,FW: Request for Support on PA66 Raw Material Supply_2026_02_12 // FOR TESTING - hard one,2026-06-10T07:09:55Z,PENDING_STAGE2,,2026-06-12 11:44:07,2026-07-10 08:05:33,20260212143145_aamkagez.pdf,,,,1,,,
AAMkAGEzNTJjNTY1LTAxZjctNGU1My04ZDFkLTBkMTJlZGE0YTUzMwBGAAAAAAC7qJY7ZJJBT5IP79n-R0j-BwCJ1AznZ0-uRrG_5NNdUHgAAABgPpcjAACJ1AznZ0-uRrG_5NNdUHgAAABiWqvjAAA=,FW: cerere of de pret // FOR TESTING,2026-06-10T07:10:05Z,PENDING_STAGE2,,2026-06-12 11:44:06,2026-07-10 08:05:33,,,,,1,,,
AAMkAGEzNTJjNTY1LTAxZjctNGU1My04ZDFkLTBkMTJlZGE0YTUzMwBGAAAAAAC7qJY7ZJJBT5IP79n-R0j-BwCJ1AznZ0-uRrG_5NNdUHgAAABgPpcjAACJ1AznZ0-uRrG_5NNdUHgAAABiWqviAAA=,FW: 852915: PA6GF30 Durethan BKV30 H2.0 901510 black FOR TESTING,2026-06-10T07:10:15Z,PENDING_STAGE2,,2026-06-12 11:44:02,2026-07-10 08:05:33,852915 envalior_aamkagez.pdf,,,,1,,,
AAMkAGEzNTJjNTY1LTAxZjctNGU1My04ZDFkLTBkMTJlZGE0YTUzMwBGAAAAAAC7qJY7ZJJBT5IP79n-R0j-BwCJ1AznZ0-uRrG_5NNdUHgAAABgPpcjAACJ1AznZ0-uRrG_5NNdUHgAAABiWqvhAAA=,FW: Megrendelés - 4800013671 // FOR TESTING,2026-06-10T07:10:23Z,PENDING_STAGE2,,2026-06-12 11:43:57,2026-07-10 08:05:33,envalior-2026-04-13_aamkagez.pdf,,,,1,,,
AAMkAGEzNTJjNTY1LTAxZjctNGU1My04ZDFkLTBkMTJlZGE0YTUzMwBGAAAAAAC7qJY7ZJJBT5IP79n-R0j-BwCJ1AznZ0-uRrG_5NNdUHgAAABgPpcjAACJ1AznZ0-uRrG_5NNdUHgAAABiWqvgAAA=,FW: new order EB022692 - Arnite TV4 261/A mit 30% Glasfasern // FOR TESTING,2026-06-10T07:10:29Z,PENDING_STAGE2,,2026-06-12 11:43:52,2026-07-10 08:05:33,doc010626-01062026071456_aamkagez.pdf,,,,1,,,
AAMkAGEzNTJjNTY1LTAxZjctNGU1My04ZDFkLTBkMTJlZGE0YTUzMwBGAAAAAAC7qJY7ZJJBT5IP79n-R0j-BwCJ1AznZ0-uRrG_5NNdUHgAAABgPpcjAACJ1AznZ0-uRrG_5NNdUHgAAABiWqvfAAA=,FW: Durethan BKV 30 FN04 901510 - for TESTING,2026-06-10T07:10:40Z,ROBONA_SENT,,2026-06-12 11:43:48,2026-07-16 09:31:56,4500029652 envalior_aamkagez.pdf,,,,1,,,
AAMkAGEzNTJjNTY1LTAxZjctNGU1My04ZDFkLTBkMTJlZGE0YTUzMwBGAAAAAAC7qJY7ZJJBT5IP79n-R0j-BwCJ1AznZ0-uRrG_5NNdUHgAAABgPpcjAACJ1AznZ0-uRrG_5NNdUHgAAABiWqveAAA=,FW: VO-2026-311-000149 / FOR TESTING,2026-06-10T07:10:49Z,ROBONA_SENT,,2026-06-12 11:43:44,2026-07-27 12:16:02,vo-2026-311-000149_aamkagez.pdf,,,,1,,,
AAMkAGEzNTJjNTY1LTAxZjctNGU1My04ZDFkLTBkMTJlZGE0YTUzMwBGAAAAAAC7qJY7ZJJBT5IP79n-R0j-BwCJ1AznZ0-uRrG_5NNdUHgAAABgPpcjAACJ1AznZ0-uRrG_5NNdUHgAAABiWqvdAAA=,FW: BAP SK/ PO 4500090003 FOR TESTING,2026-06-10T07:10:55Z,ROBONA_SENT,,2026-06-12 11:43:40,2026-07-16 09:31:52,po 4500090003_aamkagez.pdf,,,,1,,,
AAMkAGEzNTJjNTY1LTAxZjctNGU1My04ZDFkLTBkMTJlZGE0YTUzMwBGAAAAAAC7qJY7ZJJBT5IP79n-R0j-BwCJ1AznZ0-uRrG_5NNdUHgAAABgPpcjAACJ1AznZ0-uRrG_5NNdUHgAAABiWqvcAAA=,FW: Yeni sipariş: 1002134183  // FOR TESTING,2026-06-10T07:10:59Z,ROBONA_SENT,,2026-06-12 11:43:36,2026-07-16 09:31:49,po_1002134183_aamkagez.pdf,,,,1,,,
AAMkAGEzNTJjNTY1LTAxZjctNGU1My04ZDFkLTBkMTJlZGE0YTUzMwBGAAAAAAC7qJY7ZJJBT5IP79n-R0j-BwCJ1AznZ0-uRrG_5NNdUHgAAABgPpcjAACJ1AznZ0-uRrG_5NNdUHgAAABiWqvbAAA=,FOR TESTING WG: Bestellung BE-26-00858; 1519728; 1519731; 1519732; 1519733; 1519734; 1519736; 1519738; 1519739; 1519740; 1519742 SO# BE-26-00858,2026-06-10T10:15:22Z,ROBONA_SENT,,2026-06-12 11:43:35,2026-07-27 12:15:57,,,,,1,,,
AAMkAGEzNTJjNTY1LTAxZjctNGU1My04ZDFkLTBkMTJlZGE0YTUzMwBGAAAAAAC7qJY7ZJJBT5IP79n-R0j-BwCJ1AznZ0-uRrG_5NNdUHgAAABgPpcjAACJ1AznZ0-uRrG_5NNdUHgAAABiWqvaAAA=,WG: Bestellung BE-26-00587; 1506404; 1506403 SO# BE-26-00587,2026-06-10T10:15:23Z,ROBONA_SENT,,2026-06-12 11:43:34,2026-07-20 10:52:31,,,,,1,,,
AAMkAGEzNTJjNTY1LTAxZjctNGU1My04ZDFkLTBkMTJlZGE0YTUzMwBGAAAAAAC7qJY7ZJJBT5IP79n-R0j-BwCJ1AznZ0-uRrG_5NNdUHgAAABgPpcjAACJ1AznZ0-uRrG_5NNdUHgAAABiWqvZAAA=,FW: Touchless orders - benötige PO Kopien (möglichst heute),2026-06-11T09:29:54Z,PENDING_STAGE2,,2026-06-12 11:43:30,2026-07-10 08:05:33,body_aamkagez_fw_ touchless orders - benötige po kopien (möglichst heute).txt,,,,1,,,
AQMkAGEzNTJjNTY1LTAxZjctNGU1My04ZDFkLTBkMTJlZGE0YTUzMwAARgAAA7uoljtkkkFPkg-v2f9HSP8HAInUDOdnT_5Gsb7k011QeAAAAwEJAAAAidQM52dP7kaxvuTTXVB4AAABYlqn8AAAAA==,FW: Touchless orders - benötige PO Kopien (möglichst heute),2026-06-12T10:34:45Z,PENDING_STAGE2,,2026-06-12 11:43:27,2026-07-10 08:05:33,body_aqmkagez_fw_ touchless orders - benötige po kopien (möglichst heute).txt,,,,1,,,
AQMkAGEzNTJjNTY1LTAxZjctNGU1My04ZDFkLTBkMTJlZGE0YTUzMwAARgAAA7uoljtkkkFPkg-v2f9HSP8HAInUDOdnT_5Gsb7k011QeAAAAwEJAAAAidQM52dP7kaxvuTTXVB4AAABYlqn8gAAAA==,FW: Touchless orders - benötige PO Kopien (möglichst heute),2026-06-12T10:34:46Z,PENDING_STAGE2,,2026-06-12 11:43:23,2026-07-10 08:05:33,body_aqmkagez_fw_ touchless orders - benötige po kopien (möglichst heute).txt,,,,1,,,
AQMkAGEzNTJjNTY1LTAxZjctNGU1My04ZDFkLTBkMTJlZGE0YTUzMwAARgAAA7uoljtkkkFPkg-v2f9HSP8HAInUDOdnT_5Gsb7k011QeAAAAwEJAAAAidQM52dP7kaxvuTTXVB4AAABYlqn9AAAAA==,FW: Bestellung BE-26-00587; 1506404; 1506403 SO# BE-26-00587,2026-06-12T10:34:47Z,ROBONA_SENT,,2026-06-12 11:43:20,2026-07-20 10:52:30,body_aqmkagez_fw_ bestellung be-26-00587; 1506404; 1506403 so# be-26-00587.txt,,,,1,,,
AQMkAGEzNTJjNTY1LTAxZjctNGU1My04ZDFkLTBkMTJlZGE0YTUzMwAARgAAA7uoljtkkkFPkg-v2f9HSP8HAInUDOdnT_5Gsb7k011QeAAAAwEJAAAAidQM52dP7kaxvuTTXVB4AAABYlqn9gAAAA==,FW: FOR TESTING WG: Bestellung BE-26-00858; 1519728; 1519731; 1519732; 1519733; 1519734; 1519736; 1519738; 1519739; 1519740; 1519742 SO# BE-26-00858,2026-06-12T10:34:48Z,ROBONA_SENT,,2026-06-12 11:43:16,2026-07-27 12:15:55,body_aqmkagez_fw_ for testing wg_ bestellung be-26-00858; 1519728; 1519731; 1519732; 1519733; .txt,,,,1,,,
AQMkAGEzNTJjNTY1LTAxZjctNGU1My04ZDFkLTBkMTJlZGE0YTUzMwAARgAAA7uoljtkkkFPkg-v2f9HSP8HAInUDOdnT_5Gsb7k011QeAAAAwEJAAAAidQM52dP7kaxvuTTXVB4AAABYlqn_AAAAA==,FW: Yeni sipariş: 1002134183  // FOR TESTING,2026-06-12T10:34:49Z,ROBONA_SENT,,2026-06-12 11:43:12,2026-07-16 09:31:46,po_1002134183_aqmkagez.pdf,,,,1,,,
AQMkAGEzNTJjNTY1LTAxZjctNGU1My04ZDFkLTBkMTJlZGE0YTUzMwAARgAAA7uoljtkkkFPkg-v2f9HSP8HAInUDOdnT_5Gsb7k011QeAAAAwEJAAAAidQM52dP7kaxvuTTXVB4AAABYlqn_gAAAA==,FW: BAP SK/ PO 4500090003 FOR TESTING,2026-06-12T10:34:50Z,ROBONA_SENT,,2026-06-12 11:43:09,2026-07-16 09:31:42,po 4500090003_aqmkagez.pdf,,,,1,,,
AQMkAGEzNTJjNTY1LTAxZjctNGU1My04ZDFkLTBkMTJlZGE0YTUzMwAARgAAA7uoljtkkkFPkg-v2f9HSP8HAInUDOdnT_5Gsb7k011QeAAAAwEJAAAAidQM52dP7kaxvuTTXVB4AAABYlqn-AAAAA==,FW: VO-2026-311-000149 / FOR TESTING,2026-06-12T10:34:51Z,ROBONA_SENT,,2026-06-12 11:43:04,2026-07-27 12:15:49,vo-2026-311-000149_aqmkagez.pdf,,,,1,,,
AQMkAGEzNTJjNTY1LTAxZjctNGU1My04ZDFkLTBkMTJlZGE0YTUzMwAARgAAA7uoljtkkkFPkg-v2f9HSP8HAInUDOdnT_5Gsb7k011QeAAAAwEJAAAAidQM52dP7kaxvuTTXVB4AAABYlqn-gAAAA==,FW: Durethan BKV 30 FN04 901510 - for TESTING,2026-06-12T10:34:52Z,ROBONA_SENT,,2026-06-12 11:43:00,2026-07-16 09:31:39,4500029652 envalior_aqmkagez.pdf,,,,1,,,
AQMkAGEzNTJjNTY1LTAxZjctNGU1My04ZDFkLTBkMTJlZGE0YTUzMwAARgAAA7uoljtkkkFPkg-v2f9HSP8HAInUDOdnT_5Gsb7k011QeAAAAwEJAAAAidQM52dP7kaxvuTTXVB4AAABYlqoAAAB,FW: new order EB022692 - Arnite TV4 261/A mit 30% Glasfasern // FOR TESTING,2026-06-12T10:34:53Z,PENDING_STAGE2,,2026-06-12 11:42:57,2026-07-10 08:05:33,doc010626-01062026071456_aqmkagez.pdf,,,,1,,,
AQMkAGEzNTJjNTY1LTAxZjctNGU1My04ZDFkLTBkMTJlZGE0YTUzMwAARgAAA7uoljtkkkFPkg-v2f9HSP8HAInUDOdnT_5Gsb7k011QeAAAAwEJAAAAidQM52dP7kaxvuTTXVB4AAABYlqoAgAAAA==,FW: Megrendelés - 4800013671 // FOR TESTING,2026-06-12T10:34:54Z,PENDING_STAGE2,,2026-06-12 11:42:52,2026-07-10 08:05:33,envalior-2026-04-13_aqmkagez.pdf,,,,1,,,
AQMkAGEzNTJjNTY1LTAxZjctNGU1My04ZDFkLTBkMTJlZGE0YTUzMwAARgAAA7uoljtkkkFPkg-v2f9HSP8HAInUDOdnT_5Gsb7k011QeAAAAwEJAAAAidQM52dP7kaxvuTTXVB4AAABYlqoBAAAAA==,FW: 852915: PA6GF30 Durethan BKV30 H2.0 901510 black FOR TESTING,2026-06-12T10:34:57Z,PENDING_STAGE2,,2026-06-12 11:42:46,2026-07-10 08:05:33,body_aqmkagez_fw_ 852915_ pa6gf30 durethan bkv30 h2.0 901510 black for testing.txt,,,,1,,,
AQMkAGEzNTJjNTY1LTAxZjctNGU1My04ZDFkLTBkMTJlZGE0YTUzMwAARgAAA7uoljtkkkFPkg-v2f9HSP8HAInUDOdnT_5Gsb7k011QeAAAAwEJAAAAidQM52dP7kaxvuTTXVB4AAABYlqoBgAAAA==,FW: cerere of de pret // FOR TESTING,2026-06-12T10:34:57Z,PENDING_STAGE2,,2026-06-12 11:42:42,2026-07-10 08:05:33,body_aqmkagez_fw_ cerere of de pret __ for testing.txt,,,,1,,,
AQMkAGEzNTJjNTY1LTAxZjctNGU1My04ZDFkLTBkMTJlZGE0YTUzMwAARgAAA7uoljtkkkFPkg-v2f9HSP8HAInUDOdnT_5Gsb7k011QeAAAAwEJAAAAidQM52dP7kaxvuTTXVB4AAABYlqoCAAAAA==,FW: Request for Support on PA66 Raw Material Supply_2026_02_12 // FOR TESTING - hard one,2026-06-12T10:34:58Z,PENDING_STAGE2,,2026-06-12 11:42:35,2026-07-10 08:05:33,body_aqmkagez_fw_ request for support on pa66 raw material supply_2026_02_12 __ for testing - .txt,,,,1,,,
AQMkAGEzNTJjNTY1LTAxZjctNGU1My04ZDFkLTBkMTJlZGE0YTUzMwAARgAAA7uoljtkkkFPkg-v2f9HSP8HAInUDOdnT_5Gsb7k011QeAAAAwEJAAAAidQM52dP7kaxvuTTXVB4AAABYlqoCgAAAA==,FW: New Order PO 309 // FOR TESTING,2026-06-12T10:34:59Z,PENDING_STAGE2,,2026-06-12 11:42:28,2026-07-10 08:05:33,body_aqmkagez_fw_ new order po 309 __ for testing.txt,,,,1,,,
AQMkAGEzNTJjNTY1LTAxZjctNGU1My04ZDFkLTBkMTJlZGE0YTUzMwAARgAAA7uoljtkkkFPkg-v2f9HSP8HAInUDOdnT_5Gsb7k011QeAAAAwEJAAAAidQM52dP7kaxvuTTXVB4AAABYlqoDAAAAA==,FW: FOR TESTING: 1534916_: PO 10260859 Gaudlitz Precision s.r.o.,2026-06-12T10:35:01Z,ROBONA_SENT,,2026-06-12 11:42:21,2026-07-20 10:52:26,body_aqmkagez_fw_ for testing_ 1534916__ po 10260859 gaudlitz precision s.r.o..txt,,,,1,,,
AAMkAGEzNTJjNTY1LTAxZjctNGU1My04ZDFkLTBkMTJlZGE0YTUzMwBGAAAAAAC7qJY7ZJJBT5IP79n-R0j-BwCJ1AznZ0-uRrG_5NNdUHgAAABL8we5AACJ1AznZ0-uRrG_5NNdUHgAAABL8xWIAAA=,Fw: Bestellung Nr. BE26-00030 vom 15.01.26 // 1489130,2026-02-18T05:43:43Z,PENDING_STAGE2,,2026-06-12 10:07:14,2026-07-10 08:05:33,bestellung be26-00030_aamkagez.pdf,,,,1,,,
AQMkAGEzNTJjNTY1LTAxZjctNGU1My04ZDFkLTBkMTJlZGE0YTUzMwAARgAAA7uoljtkkkFPkg-v2f9HSP8HAInUDOdnT_5Gsb7k011QeAAAAwEKAAAAidQM52dP7kaxvuTTXVB4AAABYD7z1AAAAA==,FW: Modified purchase order. Our order number 41204 [Order],2026-05-11T09:11:43Z,PENDING_STAGE2,,2026-06-12 10:07:04,2026-07-10 08:05:33,modified purchase order 41204.pdf,,,,1,,,
AQMkAGEzNTJjNTY1LTAxZjctNGU1My04ZDFkLTBkMTJlZGE0YTUzMwAARgAAA7uoljtkkkFPkg-v2f9HSP8HAInUDOdnT_5Gsb7k011QeAAAAwEKAAAAidQM52dP7kaxvuTTXVB4AAABYD7z0wAAAA==,FW: FOR TESTING: 1534916_: PO 10260859 Gaudlitz Precision s.r.o.,2026-06-10T07:09:33Z,ROBONA_SENT,,2026-06-12 10:06:56,2026-07-20 10:52:22,body_aqmkagez_fw_ for testing_ 1534916__ po 10260859 gaudlitz precision s.r.o..txt,,,,1,,,
AQMkAGEzNTJjNTY1LTAxZjctNGU1My04ZDFkLTBkMTJlZGE0YTUzMwAARgAAA7uoljtkkkFPkg-v2f9HSP8HAInUDOdnT_5Gsb7k011QeAAAAwEKAAAAidQM52dP7kaxvuTTXVB4AAABYD7z0gAAAA==,FW: New Order PO 309 // FOR TESTING,2026-06-10T07:09:38Z,PENDING_STAGE2,,2026-06-12 10:06:13,2026-07-10 08:05:33,envalior deutschland gmbh # 309 # (06.04.26).pdf,,,,1,,,
AQMkAGEzNTJjNTY1LTAxZjctNGU1My04ZDFkLTBkMTJlZGE0YTUzMwAARgAAA7uoljtkkkFPkg-v2f9HSP8HAInUDOdnT_5Gsb7k011QeAAAAwEKAAAAidQM52dP7kaxvuTTXVB4AAABYD7z0QAAAA==,FW: Új rendelés Siroma Plast SZM260565 (MPA0267A) // FOR TESTING,2026-06-10T07:09:45Z,ROBONA_SENT,,2026-06-12 10:06:08,2026-07-20 10:52:19,szm260565.pdf,,,,1,,,
AQMkAGEzNTJjNTY1LTAxZjctNGU1My04ZDFkLTBkMTJlZGE0YTUzMwAARgAAA7uoljtkkkFPkg-v2f9HSP8HAInUDOdnT_5Gsb7k011QeAAAAwEKAAAAidQM52dP7kaxvuTTXVB4AAABYD7z0AAAAA==,FW: Request for Support on PA66 Raw Material Supply_2026_02_12 // FOR TESTING - hard one,2026-06-10T07:09:55Z,PENDING_STAGE2,,2026-06-12 10:06:04,2026-07-10 08:05:33,20260212143145.pdf,,,,1,,,
AQMkAGEzNTJjNTY1LTAxZjctNGU1My04ZDFkLTBkMTJlZGE0YTUzMwAARgAAA7uoljtkkkFPkg-v2f9HSP8HAInUDOdnT_5Gsb7k011QeAAAAwEKAAAAidQM52dP7kaxvuTTXVB4AAABYD7zzwAAAA==,FW: cerere of de pret // FOR TESTING,2026-06-10T07:10:05Z,PENDING_STAGE2,,2026-06-12 10:06:02,2026-07-10 08:05:33,,,,,1,,,
AQMkAGEzNTJjNTY1LTAxZjctNGU1My04ZDFkLTBkMTJlZGE0YTUzMwAARgAAA7uoljtkkkFPkg-v2f9HSP8HAInUDOdnT_5Gsb7k011QeAAAAwEKAAAAidQM52dP7kaxvuTTXVB4AAABYD7zzgAAAA==,FW: 852915: PA6GF30 Durethan BKV30 H2.0 901510 black FOR TESTING,2026-06-10T07:10:15Z,PENDING_STAGE2,,2026-06-12 10:05:58,2026-07-10 08:05:33,852915 envalior.pdf,,,,1,,,
AQMkAGEzNTJjNTY1LTAxZjctNGU1My04ZDFkLTBkMTJlZGE0YTUzMwAARgAAA7uoljtkkkFPkg-v2f9HSP8HAInUDOdnT_5Gsb7k011QeAAAAwEKAAAAidQM52dP7kaxvuTTXVB4AAABYD7zzQAAAA==,FW: Megrendelés - 4800013671 // FOR TESTING,2026-06-10T07:10:23Z,PENDING_STAGE2,,2026-06-12 10:05:53,2026-07-10 08:05:33,envalior-2026-04-13.pdf,,,,1,,,
AQMkAGEzNTJjNTY1LTAxZjctNGU1My04ZDFkLTBkMTJlZGE0YTUzMwAARgAAA7uoljtkkkFPkg-v2f9HSP8HAInUDOdnT_5Gsb7k011QeAAAAwEKAAAAidQM52dP7kaxvuTTXVB4AAABYD7zzAAAAA==,FW: new order EB022692 - Arnite TV4 261/A mit 30% Glasfasern // FOR TESTING,2026-06-10T07:10:29Z,PENDING_STAGE2,,2026-06-12 10:05:49,2026-07-10 08:05:33,doc010626-01062026071456.pdf,,,,1,,,
AQMkAGEzNTJjNTY1LTAxZjctNGU1My04ZDFkLTBkMTJlZGE0YTUzMwAARgAAA7uoljtkkkFPkg-v2f9HSP8HAInUDOdnT_5Gsb7k011QeAAAAwEKAAAAidQM52dP7kaxvuTTXVB4AAABYD7zywAAAA==,FW: New order 4500090052 // FOR TESTING,2026-06-10T07:10:37Z,ROBONA_SENT,,2026-06-12 10:05:45,2026-07-16 09:31:36,4500090052.pdf,,,,1,,,
AQMkAGEzNTJjNTY1LTAxZjctNGU1My04ZDFkLTBkMTJlZGE0YTUzMwAARgAAA7uoljtkkkFPkg-v2f9HSP8HAInUDOdnT_5Gsb7k011QeAAAAwEKAAAAidQM52dP7kaxvuTTXVB4AAABYD7zygAAAA==,FW: Durethan BKV 30 FN04 901510 - for TESTING,2026-06-10T07:10:40Z,ROBONA_SENT,,2026-06-12 10:05:41,2026-07-16 09:31:33,4500029652 envalior.pdf,,,,1,,,
AQMkAGEzNTJjNTY1LTAxZjctNGU1My04ZDFkLTBkMTJlZGE0YTUzMwAARgAAA7uoljtkkkFPkg-v2f9HSP8HAInUDOdnT_5Gsb7k011QeAAAAwEKAAAAidQM52dP7kaxvuTTXVB4AAABYD7zyQAAAA==,FW: VO-2026-311-000149 / FOR TESTING,2026-06-10T07:10:49Z,ROBONA_SENT,,2026-06-12 10:05:36,2026-07-27 12:15:44,vo-2026-311-000149.pdf,,,,1,,,
AQMkAGEzNTJjNTY1LTAxZjctNGU1My04ZDFkLTBkMTJlZGE0YTUzMwAARgAAA7uoljtkkkFPkg-v2f9HSP8HAInUDOdnT_5Gsb7k011QeAAAAwEKAAAAidQM52dP7kaxvuTTXVB4AAABYD7zyAAAAA==,FW: BAP SK/ PO 4500090003 FOR TESTING,2026-06-10T07:10:55Z,ROBONA_SENT,,2026-06-12 10:05:32,2026-07-16 09:31:29,po 4500090003.pdf,,,,1,,,
AQMkAGEzNTJjNTY1LTAxZjctNGU1My04ZDFkLTBkMTJlZGE0YTUzMwAARgAAA7uoljtkkkFPkg-v2f9HSP8HAInUDOdnT_5Gsb7k011QeAAAAwEKAAAAidQM52dP7kaxvuTTXVB4AAABYD7zxwAAAA==,FW: Yeni sipariş: 1002134183  // FOR TESTING,2026-06-10T07:10:59Z,ROBONA_SENT,,2026-06-12 10:05:29,2026-07-16 09:31:26,po_1002134183.pdf,,,,1,,,
AQMkAGEzNTJjNTY1LTAxZjctNGU1My04ZDFkLTBkMTJlZGE0YTUzMwAARgAAA7uoljtkkkFPkg-v2f9HSP8HAInUDOdnT_5Gsb7k011QeAAAAwETAAAAidQM52dP7kaxvuTTXVB4AAABYD6k1AAAAA==,WG: Bestellung BE-26-00587; 1506404; 1506403,2026-06-10T09:14:10Z,ROBONA_SENT,,2026-06-12 10:05:23,2026-07-20 10:52:15,bestellung be-26-00587_aqmkagez.pdf,,,,1,,,
AQMkAGEzNTJjNTY1LTAxZjctNGU1My04ZDFkLTBkMTJlZGE0YTUzMwAARgAAA7uoljtkkkFPkg-v2f9HSP8HAInUDOdnT_5Gsb7k011QeAAAAwETAAAAidQM52dP7kaxvuTTXVB4AAABYD6k0wAAAA==,FOR TESTING WG: Bestellung BE-26-00858; 1519728; 1519731; 1519732; 1519733; 1519734; 1519736; 1519738; 1519739; 1519740; 1519742 ,2026-06-10T09:14:42Z,ROBONA_SENT,,2026-06-12 10:05:17,2026-07-27 12:15:39,bestellung be-26-00858_aqmkagez.pdf,,,,1,,,
AQMkAGEzNTJjNTY1LTAxZjctNGU1My04ZDFkLTBkMTJlZGE0YTUzMwAARgAAA7uoljtkkkFPkg-v2f9HSP8HAInUDOdnT_5Gsb7k011QeAAAAwEJAAAAidQM52dP7kaxvuTTXVB4AAABYD6wlwAAAA==,FOR TESTING WG: Bestellung BE-26-00858; 1519728; 1519731; 1519732; 1519733; 1519734; 1519736; 1519738; 1519739; 1519740; 1519742 SO# BE-26-00858,2026-06-10T10:15:22Z,ROBONA_SENT,,2026-06-12 10:05:16,2026-07-27 12:15:32,,,,,1,,,
AQMkAGEzNTJjNTY1LTAxZjctNGU1My04ZDFkLTBkMTJlZGE0YTUzMwAARgAAA7uoljtkkkFPkg-v2f9HSP8HAInUDOdnT_5Gsb7k011QeAAAAwEJAAAAidQM52dP7kaxvuTTXVB4AAABYD6wmAAAAA==,WG: Bestellung BE-26-00587; 1506404; 1506403 SO# BE-26-00587,2026-06-10T10:15:23Z,ROBONA_SENT,,2026-06-12 10:05:15,2026-07-20 10:52:10,,,,,1,,,
AAMkAGEzNTJjNTY1LTAxZjctNGU1My04ZDFkLTBkMTJlZGE0YTUzMwBGAAAAAAC7qJY7ZJJBT5IP79n-R0j-BwCJ1AznZ0-uRrG_5NNdUHgAAABgPpcjAACJ1AznZ0-uRrG_5NNdUHgAAABiWqvYAAA=,FW: Touchless orders - benötige PO Kopien (möglichst heute),2026-06-10T11:33:20Z,PENDING_STAGE2,,2026-06-12 10:04:53,2026-06-14 15:54:28,,,,,1,,,
AQMkAGEzNTJjNTY1LTAxZjctNGU1My04ZDFkLTBkMTJlZGE0YTUzMwAARgAAA7uoljtkkkFPkg-v2f9HSP8HAInUDOdnT_5Gsb7k011QeAAAAwEJAAAAidQM52dP7kaxvuTTXVB4AAABYlqn7gAAAA==,FW: Touchless orders - benötige PO Kopien (möglichst heute),2026-06-11T09:29:54Z,PENDING_STAGE2,,2026-06-12 10:04:49,2026-07-10 08:05:33,body_aqmkagez_fw_ touchless orders - benötige po kopien (möglichst heute).txt,,,,1,,,
AQMkAGEzNTJjNTY1LTAxZjctNGU1My04ZDFkLTBkMTJlZGE0YTUzMwAARgAAA7uoljtkkkFPkg-v2f9HSP8HAInUDOdnT_5Gsb7k011QeAAAAwEMAAAAidQM52dP7kaxvuTTXVB4AAABYlqGogAAAA==,New Order,2026-06-12T09:58:54Z,PENDING_STAGE2,,2026-06-12 10:01:13,2026-07-10 08:05:33,bestellung be-26-00858 (1).pdf,,,,1,,,
AQMkAGEzNTJjNTY1LTAxZjctNGU1My04ZDFkLTBkMTJlZGE0YTUzMwAARgAAA7uoljtkkkFPkg-v2f9HSP8HAInUDOdnT_5Gsb7k011QeAAAAwEMAAAAidQM52dP7kaxvuTTXVB4AAABYD7noAAAAA==,"FW: Wipak Purchase Order 4500297688, 500009, 08.01.202 // 1486372 FOR TESTING ",2026-06-10T11:32:57Z,ROBONA_SENT,,2026-06-11 08:41:43,2026-07-27 12:15:31,"wipak purchase order 4500297688, 500009, 08.01.202_aqmkagez.pdf",,,,1,,,
AQMkAGEzNTJjNTY1LTAxZjctNGU1My04ZDFkLTBkMTJlZGE0YTUzMwAARgAAA7uoljtkkkFPkg-v2f9HSP8HAInUDOdnT_5Gsb7k011QeAAAAwEMAAAAidQM52dP7kaxvuTTXVB4AAABYD7noQAAAA==,"FW: Wipak Purchase Order 4500309990, 500009, 04.06.202 SO# 1541821 FOR TESTING ",2026-06-10T11:33:00Z,PENDING_STAGE2,,2026-06-11 08:41:37,2026-07-10 08:05:33,"wipak purchase order 4500309990, 500009, 04.06.202.pdf",,,,1,,,
AQMkAGEzNTJjNTY1LTAxZjctNGU1My04ZDFkLTBkMTJlZGE0YTUzMwAARgAAA7uoljtkkkFPkg-v2f9HSP8HAInUDOdnT_5Gsb7k011QeAAAAwEMAAAAidQM52dP7kaxvuTTXVB4AAABYD7nogAAAA==,FW: Bestellung BE-26-00587; 1506404; 1506403 FOR TESTING,2026-06-10T11:33:09Z,ROBONA_SENT,,2026-06-11 08:41:33,2026-07-20 10:52:10,bestellung be-26-00587_aqmkagez.pdf,,,,1,,,
AQMkAGEzNTJjNTY1LTAxZjctNGU1My04ZDFkLTBkMTJlZGE0YTUzMwAARgAAA7uoljtkkkFPkg-v2f9HSP8HAInUDOdnT_5Gsb7k011QeAAAAwEMAAAAidQM52dP7kaxvuTTXVB4AAABYD7nowAAAA==,FW: FOR TESTING WG: Bestellung BE-26-00858; 1519728; 1519731; 1519732; 1519733; 1519734; 1519736; 1519738; 1519739; 1519740; 1519742 ,2026-06-10T11:33:16Z,ROBONA_SENT,,2026-06-11 08:41:29,2026-07-27 12:15:25,bestellung be-26-00858_aqmkagez.pdf,,,,1,,,
AQMkAGEzNTJjNTY1LTAxZjctNGU1My04ZDFkLTBkMTJlZGE0YTUzMwAARgAAA7uoljtkkkFPkg-v2f9HSP8HAInUDOdnT_5Gsb7k011QeAAAAwEMAAAAidQM52dP7kaxvuTTXVB4AAABYD7npAAAAA==,FW: Touchless orders - benötige PO Kopien (möglichst heute),2026-06-10T11:33:20Z,PENDING_STAGE2,,2026-06-11 08:41:28,2026-06-14 15:54:25,,,,,1,,,
AQMkAGEzNTJjNTY1LTAxZjctNGU1My04ZDFkLTBkMTJlZGE0YTUzMwAARgAAA7uoljtkkkFPkg-v2f9HSP8HAInUDOdnT_5Gsb7k011QeAAAAwEMAAAAidQM52dP7kaxvuTTXVB4AAABYD7npQAAAA==,FW: FOR TESTING  : orders of ABB Cable Management Products Ltd FW: New Order 1365446  -  1509318 ,2026-06-10T12:05:03Z,ROBONA_SENT,,2026-06-11 08:41:23,2026-07-20 10:52:05,1365446.pdf,,,,1,,,
AQMkAGEzNTJjNTY1LTAxZjctNGU1My04ZDFkLTBkMTJlZGE0YTUzMwAARgAAA7uoljtkkkFPkg-v2f9HSP8HAInUDOdnT_5Gsb7k011QeAAAAwEMAAAAidQM52dP7kaxvuTTXVB4AAABYD7npgAAAA==,FW: FOR TESTING  ONLY  orders of ABB Cable Management Products Ltd   FW: New Orders 1364373 & 1364374  - 1506035 TBO  und  1506037 ,2026-06-10T12:06:51Z,ROBONA_SENT,,2026-06-11 08:41:14,2026-07-20 10:52:00,1364373.pdf,,,,1,,,
AQMkAGEzNTJjNTY1LTAxZjctNGU1My04ZDFkLTBkMTJlZGE0YTUzMwAARgAAA7uoljtkkkFPkg-v2f9HSP8HAInUDOdnT_5Gsb7k011QeAAAAwEMAAAAidQM52dP7kaxvuTTXVB4AAABYlqGoAAAAA==,"FW: WG: SÜDPACK-Bestellung 4690569, vom 31.03.2026  1519004   FOR TESTING ",2026-06-11T05:50:20Z,PENDING_STAGE2,,2026-06-11 08:41:10,2026-07-10 08:18:46,"südpack-bestellung 4690569, vom 31.03.2026.pdf",,,,1,,,
AQMkAGEzNTJjNTY1LTAxZjctNGU1My04ZDFkLTBkMTJlZGE0YTUzMwAARgAAA7uoljtkkkFPkg-v2f9HSP8HAInUDOdnT_5Gsb7k011QeAAAAwEMAAAAidQM52dP7kaxvuTTXVB4AAABYlqGoQAAAA==,"FW: WG: SÜDPACK-Bestellung 4686908, vom 09.03.2026   1509485, 1510452  For Testing",2026-06-11T05:50:33Z,ROBONA_SENT,,2026-06-11 08:41:06,2026-07-20 10:51:55,"südpack-bestellung 4686908, vom 09.03.2026.pdf",,,,1,,,
AQMkAGEzNTJjNTY1LTAxZjctNGU1My04ZDFkLTBkMTJlZGE0YTUzMwAARgAAA7uoljtkkkFPkg-v2f9HSP8HAInUDOdnT_5Gsb7k011QeAAAAwEMAAAAidQM52dP7kaxvuTTXVB4AAABYD7nngAAAA==,WG: Bestellung BE-26-00587; 1506404; 1506403,2026-06-10T09:14:10Z,ARCHIVED,,2026-06-10 09:55:01,2026-06-10 10:15:21,bestellung be-26-00587.pdf,,,,1,,,
AQMkAGEzNTJjNTY1LTAxZjctNGU1My04ZDFkLTBkMTJlZGE0YTUzMwAARgAAA7uoljtkkkFPkg-v2f9HSP8HAInUDOdnT_5Gsb7k011QeAAAAwEMAAAAidQM52dP7kaxvuTTXVB4AAABYD7nnwAAAA==,FOR TESTING WG: Bestellung BE-26-00858; 1519728; 1519731; 1519732; 1519733; 1519734; 1519736; 1519738; 1519739; 1519740; 1519742 ,2026-06-10T09:14:42Z,ARCHIVED,,2026-06-10 09:54:56,2026-06-10 10:15:20,bestellung be-26-00858_aqmkagez.pdf,,,,1,,,
mock_po_ex_0_380235,Ecoform Multifol (Sold-to 4020000777 - Material 11284).PDF,,NO_EMAIL_ID,,2026-05-28 08:41:05,2026-06-14 15:54:21,ecoform multifol (sold-to 4020000777 - material 11284).pdf,,,,1,,,
mock_po_ex_1_816206,Ecoform Multifol (Sold-to 4020000777 - Material 8677).PDF,,NO_EMAIL_ID,,2026-05-28 08:41:05,2026-06-14 15:54:21,ecoform multifol (sold-to 4020000777 - material 8677).pdf,,,,1,,,
mock_po_ex_2_774317,FOXCONN (Sold-to 4020010339 - Materials 16552+47206+61262+61457).pdf,,NO_EMAIL_ID,,2026-05-28 08:41:05,2026-06-14 15:54:21,foxconn (sold-to 4020010339 - materials 16552+47206+61262+61457).pdf,,,,1,,,
mock_po_ex_3_962705,FOXCONN (Sold-to 4020010339 - Materials 61026+60900+60993).pdf,,NO_EMAIL_ID,,2026-05-28 08:41:05,2026-06-14 15:54:21,foxconn (sold-to 4020010339 - materials 61026+60900+60993).pdf,,,,1,,,
mock_po_ex_4_703272,Fuyu Electronical Technology (Sold-to 4020036720 - Material 15219).pdf,,NO_EMAIL_ID,,2026-05-28 08:41:05,2026-06-14 15:54:21,fuyu electronical technology (sold-to 4020036720 - material 15219).pdf,,,,1,,,
mock_po_ex_5_313406,Fuyu Electronical Technology (Sold-to 4020036720 - Material 48029).pdf,,NO_EMAIL_ID,,2026-05-28 08:41:05,2026-06-14 15:54:21,fuyu electronical technology (sold-to 4020036720 - material 48029).pdf,,,,1,,,
mock_po_ex_6_262763,BestellungBE25-00614_20260211164808.475_X.pdf,,NO_EMAIL_ID,,2026-05-28 08:41:05,2026-06-14 15:54:21,bestellungbe25-00614_20260211164808.475_x.pdf,,,,1,,,
mock_po_ex_7_625940,Bestellung BE-26-00192.pdf,,NO_EMAIL_ID,,2026-05-28 08:41:05,2026-06-14 15:54:21,bestellung be-26-00192.pdf,,,,1,,,
mock_po_ex_8_67377,MF Folien (Sold-to 4020001301 - Material 14885).pdf,,NO_EMAIL_ID,,2026-05-28 08:41:05,2026-06-14 15:54:21,mf folien (sold-to 4020001301 - material 14885).pdf,,,,1,,,
mock_po_ex_9_819154,MF Folien (Sold-to 4020001301 - Material 60477).pdf,,NO_EMAIL_ID,,2026-05-28 08:41:05,2026-06-14 15:54:21,mf folien (sold-to 4020001301 - material 60477).pdf,,,,1,,,
mock_po_ex_10_633321,Molex PO1014235554_20251211_042406.pdf,,NO_EMAIL_ID,,2026-05-28 08:41:05,2026-06-14 15:54:21,molex po1014235554_20251211_042406.pdf,,,,1,,,
mock_po_ex_11_71719,Molex PO1014235576_20251211_042446.pdf,,NO_EMAIL_ID,,2026-05-28 08:41:05,2026-06-14 15:54:21,molex po1014235576_20251211_042446.pdf,,,,1,,,
mock_po_ex_12_988366,Niederwieser (Sold-to 4020000825 - Material 11284).pdf,,NO_EMAIL_ID,,2026-05-28 08:41:05,2026-06-14 15:54:21,niederwieser (sold-to 4020000825 - material 11284).pdf,,,,1,,,
mock_po_ex_13_459002,Niederwieser (Sold-to 4020000825 - Material 8677).pdf,,NO_EMAIL_ID,,2026-05-28 08:41:05,2026-06-14 15:54:21,niederwieser (sold-to 4020000825 - material 8677).pdf,,,,1,,,
mock_po_ex_14_917124,4504063626.pdf,,NO_EMAIL_ID,,2026-05-28 08:41:05,2026-06-14 15:54:21,4504063626.pdf,,,,1,,,
mock_po_ex_15_135235,9178f76d-e7ed-4446-b17a-616ce3befa3f.pdf,,NO_EMAIL_ID,,2026-05-28 08:41:05,2026-06-14 15:54:21,9178f76d-e7ed-4446-b17a-616ce3befa3f.pdf,,,,1,,,
mock_po_ex_16_900627,Sold-to 4020000140 - Material 44240.pdf,,NO_EMAIL_ID,,2026-05-28 08:41:05,2026-06-14 15:54:21,sold-to 4020000140 - material 44240.pdf,,,,1,,,
mock_po_ex_17_603947,Sold-to 4020000140 - Material 930.pdf,,NO_EMAIL_ID,,2026-05-28 08:41:05,2026-06-14 15:54:21,sold-to 4020000140 - material 930.pdf,,,,1,,,
mock_po_ex_18_395657,Sold-to 4020000140 - Material 931.pdf,,NO_EMAIL_ID,,2026-05-28 08:41:05,2026-06-14 15:54:21,sold-to 4020000140 - material 931.pdf,,,,1,,,
mock_po_ex_19_460194,Sold-to 4020000140 - Material 934.pdf,,NO_EMAIL_ID,,2026-05-28 08:41:05,2026-06-14 15:54:21,sold-to 4020000140 - material 934.pdf,,,,1,,,
mock_po_ex_20_870799,Sold-to 4020000140 - Material 944.pdf,,NO_EMAIL_ID,,2026-05-28 08:41:05,2026-06-14 15:54:21,sold-to 4020000140 - material 944.pdf,,,,1,,,
mock_po_ex_21_366525,Sold-to 4020000140 - Material 948.pdf,,NO_EMAIL_ID,,2026-05-28 08:41:05,2026-06-14 15:54:21,sold-to 4020000140 - material 948.pdf,,,,1,,,
mock_po_ex_22_796602,Sold-to 4020000140 - Material 961.pdf,,NO_EMAIL_ID,,2026-05-28 08:41:05,2026-06-14 15:54:21,sold-to 4020000140 - material 961.pdf,,,,1,,,
mock_po_ex_23_174989,Sold-to 4020000140 - Material 966.pdf,,NO_EMAIL_ID,,2026-05-28 08:41:05,2026-06-14 15:54:21,sold-to 4020000140 - material 966.pdf,,,,1,,,
mock_po_ex_24_59756,Sold-to 4020001469 - Material 32814+42143+44141.pdf,,NO_EMAIL_ID,,2026-05-28 08:41:05,2026-06-14 15:54:21,sold-to 4020001469 - material 32814+42143+44141.pdf,,,,1,,,
mock_po_ex_25_913941,Sold-to 4020001469 - Material 32814.pdf,,NO_EMAIL_ID,,2026-05-28 08:41:05,2026-06-14 15:54:21,sold-to 4020001469 - material 32814.pdf,,,,1,,,
mock_po_ex_26_793955,Sold-to 4020001469 - Material 42143.pdf,,NO_EMAIL_ID,,2026-05-28 08:41:05,2026-06-14 15:54:21,sold-to 4020001469 - material 42143.pdf,,,,1,,,
mock_po_ex_27_904678,Sold-to 4020001469 - Material 44141.pdf,,NO_EMAIL_ID,,2026-05-28 08:41:05,2026-06-14 15:54:21,sold-to 4020001469 - material 44141.pdf,,,,1,,,
mock_po_ex_28_322992,Sold-to 4020001469 - Material 5953+35359.pdf,,NO_EMAIL_ID,,2026-05-28 08:41:05,2026-06-14 15:54:21,sold-to 4020001469 - material 5953+35359.pdf,,,,1,,,
mock_po_ex_29_855636,Sold-to 4020001469 - Material 5953.pdf,,NO_EMAIL_ID,,2026-05-28 08:41:05,2026-06-14 15:54:21,sold-to 4020001469 - material 5953.pdf,,,,1,,,
mock_po_ex_30_261029,Sold-to 4020028890 - Material 40696.pdf,,NO_EMAIL_ID,,2026-05-28 08:41:05,2026-06-14 15:54:21,sold-to 4020028890 - material 40696.pdf,,,,1,,,
mock_po_ex_31_203788,Sold-to 4020028890 - Material 41450+40696.pdf,,NO_EMAIL_ID,,2026-05-28 08:41:05,2026-06-14 15:54:21,sold-to 4020028890 - material 41450+40696.pdf,,,,1,,,
mock_po_ex_32_648460,Sold-to 4020028890 - Material 8756+40696.pdf,,NO_EMAIL_ID,,2026-05-28 08:41:05,2026-06-14 15:54:21,sold-to 4020028890 - material 8756+40696.pdf,,,,1,,,
mock_po_ex_33_61011,Sold-to 4020028890 - Material 8756+8756+8756.pdf,,NO_EMAIL_ID,,2026-05-28 08:41:05,2026-06-14 15:54:21,sold-to 4020028890 - material 8756+8756+8756.pdf,,,,1,,,
mock_po_ex_34_730930,Sold-to 4020028890 - Material 8756.pdf,,NO_EMAIL_ID,,2026-05-28 08:41:05,2026-06-14 15:54:21,sold-to 4020028890 - material 8756.pdf,,,,1,,,
mock_po_ex_35_286183,Sold-to 4020030130 - Material 17263.pdf,,NO_EMAIL_ID,,2026-05-28 08:41:05,2026-06-14 15:54:21,sold-to 4020030130 - material 17263.pdf,,,,1,,,
mock_po_ex_36_275624,Sold-to 4020030130 - Material 40670.pdf,,NO_EMAIL_ID,,2026-05-28 08:41:05,2026-06-14 15:54:21,sold-to 4020030130 - material 40670.pdf,,,,1,,,
mock_po_ex_37_888570,Sold-to 4020030130 - Material 812.pdf,,NO_EMAIL_ID,,2026-05-28 08:41:05,2026-06-14 15:54:21,sold-to 4020030130 - material 812.pdf,,,,1,,,
mock_po_ex_38_657542,Sold-to 4020032023 - Material 19277.pdf,,NO_EMAIL_ID,,2026-05-28 08:41:05,2026-06-14 15:54:21,sold-to 4020032023 - material 19277.pdf,,,,1,,,
mock_po_ex_39_409051,Sold-to 4020032023 - Material 19417.pdf,,NO_EMAIL_ID,,2026-05-28 08:41:05,2026-06-14 15:54:21,sold-to 4020032023 - material 19417.pdf,,,,1,,,
mock_po_ex_40_750046,Sold-to 4020032023 - Material 19497.pdf,,NO_EMAIL_ID,,2026-05-28 08:41:05,2026-06-14 15:54:21,sold-to 4020032023 - material 19497.pdf,,,,1,,,
mock_po_ex_41_981370,Sold-to 4020032023 - Material 20413.pdf,,NO_EMAIL_ID,,2026-05-28 08:41:05,2026-06-14 15:54:21,sold-to 4020032023 - material 20413.pdf,,,,1,,,
mock_po_ex_42_692940,Sold-to 4020032023 - Material 28645.pdf,,NO_EMAIL_ID,,2026-05-28 08:41:05,2026-06-14 15:54:21,sold-to 4020032023 - material 28645.pdf,,,,1,,,
mock_po_ex_43_778478,Sold-to 4020032023 - Material 29476.pdf,,NO_EMAIL_ID,,2026-05-28 08:41:05,2026-06-14 15:54:21,sold-to 4020032023 - material 29476.pdf,,,,1,,,
mock_po_ex_44_317656,Sold-to 4020032023 - Material 8947.pdf,,NO_EMAIL_ID,,2026-05-28 08:41:05,2026-06-14 15:54:21,sold-to 4020032023 - material 8947.pdf,,,,1,,,
mock_po_ex_45_645829,"SÜDPACK-Bestellung4674421,vom26.11.2025_20260212081032.720_X.pdf",,NO_EMAIL_ID,,2026-05-28 08:41:05,2026-06-14 15:54:21,"südpack-bestellung4674421,vom26.11.2025_20260212081032.720_x.pdf",,,,1,,,
mock_po_ex_46_740329,Wipak Walsrode (Sold-to 4020036739 - Material 38779) - ORDER TYPE KB.PDF,,NO_EMAIL_ID,,2026-05-28 08:41:05,2026-06-14 15:54:21,wipak walsrode (sold-to 4020036739 - material 38779) - order type kb.pdf,,,,1,,,
mock_po_ex_47_903864,MFWG Bestellung BE-25-01212.msg,,NO_EMAIL_ID,,2026-05-28 08:41:05,2026-06-14 15:54:21,mfwg bestellung be-25-01212.msg,,,,1,,,
AAMkAGEzNTJjNTY1LTAxZjctNGU1My04ZDFkLTBkMTJlZGE0YTUzMwBGAAAAAAC7qJY7ZJJBT5IP79n-R0j-BwCJ1AznZ0-uRrG_5NNdUHgAAABL8we5AACJ1AznZ0-uRrG_5NNdUHgAAABL8xWHAAA=,"FW: Molex, LLC sent a new Purchase Order 1014458377",2026-02-12T10:13:51Z,PENDING_STAGE2,,2026-05-08 10:01:37,2026-07-10 08:18:46,,,,,1,,,
AAMkAGEzNTJjNTY1LTAxZjctNGU1My04ZDFkLTBkMTJlZGE0YTUzMwBGAAAAAAC7qJY7ZJJBT5IP79n-R0j-BwCJ1AznZ0-uRrG_5NNdUHgAAABL8we5AACJ1AznZ0-uRrG_5NNdUHgAAABL8xWFAAA=,"FW: Molex, LLC sent a new Purchase Order 1014340779",2026-02-12T10:15:20Z,PENDING_STAGE2,,2026-05-08 10:01:36,2026-07-10 08:18:46,,,,,1,,,
AAMkAGEzNTJjNTY1LTAxZjctNGU1My04ZDFkLTBkMTJlZGE0YTUzMwBGAAAAAAC7qJY7ZJJBT5IP79n-R0j-BwCJ1AznZ0-uRrG_5NNdUHgAAABL8we5AACJ1AznZ0-uRrG_5NNdUHgAAABL8xWGAAA=,"FW: Molex, LLC sent a new Purchase Order 1014253006",2026-02-12T10:15:02Z,PENDING_STAGE2,,2026-05-08 10:01:36,2026-07-10 08:18:46,,,,,1,,,
AAMkAGEzNTJjNTY1LTAxZjctNGU1My04ZDFkLTBkMTJlZGE0YTUzMwBGAAAAAAC7qJY7ZJJBT5IP79n-R0j-BwCJ1AznZ0-uRrG_5NNdUHgAAABL8we5AACJ1AznZ0-uRrG_5NNdUHgAAABL8xWCAAA=,FW: 4504066422,2026-02-12T10:16:14Z,PENDING_STAGE2,,2026-05-08 10:01:35,2026-07-10 08:18:46,,,,,1,,,
AAMkAGEzNTJjNTY1LTAxZjctNGU1My04ZDFkLTBkMTJlZGE0YTUzMwBGAAAAAAC7qJY7ZJJBT5IP79n-R0j-BwCJ1AznZ0-uRrG_5NNdUHgAAABL8we5AACJ1AznZ0-uRrG_5NNdUHgAAABL8xWDAAA=,FW: 4504063626,2026-02-12T10:16:00Z,PENDING_STAGE2,,2026-05-08 10:01:35,2026-07-10 08:18:46,,,,,1,,,
AAMkAGEzNTJjNTY1LTAxZjctNGU1My04ZDFkLTBkMTJlZGE0YTUzMwBGAAAAAAC7qJY7ZJJBT5IP79n-R0j-BwCJ1AznZ0-uRrG_5NNdUHgAAABL8we5AACJ1AznZ0-uRrG_5NNdUHgAAABL8xWEAAA=,"FW: Molex, LLC sent a new Purchase Order 1014374731",2026-02-12T10:15:42Z,PENDING_STAGE2,,2026-05-08 10:01:35,2026-07-10 08:18:46,,,,,1,,,
AAMkAGEzNTJjNTY1LTAxZjctNGU1My04ZDFkLTBkMTJlZGE0YTUzMwBGAAAAAAC7qJY7ZJJBT5IP79n-R0j-BwCJ1AznZ0-uRrG_5NNdUHgAAABL8we5AACJ1AznZ0-uRrG_5NNdUHgAAABL8xWAAAA=,FW: 恩驊力 New Order 121080096837,2026-02-12T10:17:02Z,PENDING_STAGE2,,2026-05-08 10:01:34,2026-07-10 08:18:46,,,,,1,,,
AAMkAGEzNTJjNTY1LTAxZjctNGU1My04ZDFkLTBkMTJlZGE0YTUzMwBGAAAAAAC7qJY7ZJJBT5IP79n-R0j-BwCJ1AznZ0-uRrG_5NNdUHgAAABL8we5AACJ1AznZ0-uRrG_5NNdUHgAAABL8xWBAAA=,FW: Molex PO,2026-02-12T10:16:36Z,PENDING_STAGE2,,2026-05-08 10:01:34,2026-06-14 15:54:19,,,,,1,,,
AAMkAGEzNTJjNTY1LTAxZjctNGU1My04ZDFkLTBkMTJlZGE0YTUzMwBGAAAAAAC7qJY7ZJJBT5IP79n-R0j-BwCJ1AznZ0-uRrG_5NNdUHgAAABL8we5AACJ1AznZ0-uRrG_5NNdUHgAAABL8xV9AAA=,FW: PH601610B Rel. 630,2026-02-12T10:19:24Z,PENDING_STAGE2,,2026-05-08 10:01:33,2026-07-10 08:18:46,,,,,1,,,
AAMkAGEzNTJjNTY1LTAxZjctNGU1My04ZDFkLTBkMTJlZGE0YTUzMwBGAAAAAAC7qJY7ZJJBT5IP79n-R0j-BwCJ1AznZ0-uRrG_5NNdUHgAAABL8we5AACJ1AznZ0-uRrG_5NNdUHgAAABL8xV_AAA=,FW: CD80079B Rel. 766,2026-02-12T10:18:59Z,PENDING_STAGE2,,2026-05-08 10:01:33,2026-07-10 08:18:46,,,,,1,,,
AAMkAGEzNTJjNTY1LTAxZjctNGU1My04ZDFkLTBkMTJlZGE0YTUzMwBGAAAAAAC7qJY7ZJJBT5IP79n-R0j-BwCJ1AznZ0-uRrG_5NNdUHgAAABL8we5AACJ1AznZ0-uRrG_5NNdUHgAAABL8xV-AAA=,FW: ENVALIOR SINGAPORE PTE. LTD. New Order 121020125612,2026-02-12T10:18:26Z,PENDING_STAGE2,,2026-05-08 10:01:33,2026-07-10 08:18:46,,,,,1,,,
AAMkAGEzNTJjNTY1LTAxZjctNGU1My04ZDFkLTBkMTJlZGE0YTUzMwBGAAAAAAC7qJY7ZJJBT5IP79n-R0j-BwCJ1AznZ0-uRrG_5NNdUHgAAABL8we5AACJ1AznZ0-uRrG_5NNdUHgAAABL8xV8AAA=,"FW: SÜDPACK-Bestellung 4682803, vom 05.02.2026  1497458",2026-02-12T10:20:43Z,ROBONA_SENT,,2026-05-08 10:01:32,2026-07-27 12:15:19,,,,,1,,,
AAMkAGEzNTJjNTY1LTAxZjctNGU1My04ZDFkLTBkMTJlZGE0YTUzMwBGAAAAAAC7qJY7ZJJBT5IP79n-R0j-BwCJ1AznZ0-uRrG_5NNdUHgAAABL8we5AACJ1AznZ0-uRrG_5NNdUHgAAABL8xV7AAA=,"SÜDPACK-Bestellung4674421,vom26.11.2025_20260212081032.720_X",2026-02-12T10:21:05Z,ARCHIVED,,2026-05-08 10:01:31,2026-05-08 10:40:14,,,,,1,,,
AAMkAGEzNTJjNTY1LTAxZjctNGU1My04ZDFkLTBkMTJlZGE0YTUzMwBGAAAAAAC7qJY7ZJJBT5IP79n-R0j-BwCJ1AznZ0-uRrG_5NNdUHgAAABL8we5AACJ1AznZ0-uRrG_5NNdUHgAAABL8xV5AAA=,FW: Bestellung BE-25-02803 / 1475444/ 1475451/ 1475454,2026-02-12T10:22:07Z,PENDING_STAGE2,,2026-05-08 10:01:30,2026-07-10 08:18:46,,,,,1,,,
AAMkAGEzNTJjNTY1LTAxZjctNGU1My04ZDFkLTBkMTJlZGE0YTUzMwBGAAAAAAC7qJY7ZJJBT5IP79n-R0j-BwCJ1AznZ0-uRrG_5NNdUHgAAABL8we5AACJ1AznZ0-uRrG_5NNdUHgAAABL8xV6AAA=,FW: Bestellung BE-26-00192/ 1489480 / 1489482 / 1489484 / 1489485 / 1489486 / 1489488 / 1489492 / 1489493 ,2026-02-12T10:21:50Z,PENDING_STAGE2,,2026-05-08 10:01:30,2026-07-10 08:18:46,,,,,1,,,
AAMkAGEzNTJjNTY1LTAxZjctNGU1My04ZDFkLTBkMTJlZGE0YTUzMwBGAAAAAAC7qJY7ZJJBT5IP79n-R0j-BwCJ1AznZ0-uRrG_5NNdUHgAAABL8we5AACJ1AznZ0-uRrG_5NNdUHgAAABL8xV3AAA=,FW: Bestellung Nr. BE25-00880 vom 31.12.25 // 1486176,2026-02-12T10:23:05Z,PENDING_STAGE2,,2026-05-08 10:01:29,2026-07-10 08:18:46,,,,,1,,,
AAMkAGEzNTJjNTY1LTAxZjctNGU1My04ZDFkLTBkMTJlZGE0YTUzMwBGAAAAAAC7qJY7ZJJBT5IP79n-R0j-BwCJ1AznZ0-uRrG_5NNdUHgAAABL8we5AACJ1AznZ0-uRrG_5NNdUHgAAABL8xV4AAA=,FW: MF>>WG: Bestellung BE-25-01212,2026-02-12T10:22:23Z,PENDING_STAGE2,,2026-05-08 10:01:29,2026-07-10 08:18:46,,,,,1,,,
AAMkAGEzNTJjNTY1LTAxZjctNGU1My04ZDFkLTBkMTJlZGE0YTUzMwBGAAAAAAC7qJY7ZJJBT5IP79n-R0j-BwCJ1AznZ0-uRrG_5NNdUHgAAABL8we5AACJ1AznZ0-uRrG_5NNdUHgAAABL8xV1AAA=,BestellungBE25-00614_20260211164808.475_X,2026-02-12T10:23:46Z,ARCHIVED,,2026-05-08 10:01:28,2026-05-08 10:40:14,,,,,1,,,
AAMkAGEzNTJjNTY1LTAxZjctNGU1My04ZDFkLTBkMTJlZGE0YTUzMwBGAAAAAAC7qJY7ZJJBT5IP79n-R0j-BwCJ1AznZ0-uRrG_5NNdUHgAAABL8we5AACJ1AznZ0-uRrG_5NNdUHgAAABL8xV2AAA=,FW: Bestellung Nr. BE26-00030 vom 15.01.26 // 1489130,2026-02-12T10:23:22Z,PENDING_STAGE2,,2026-05-08 10:01:28,2026-07-10 08:18:46,,,,,1,,,
AAMkAGEzNTJjNTY1LTAxZjctNGU1My04ZDFkLTBkMTJlZGE0YTUzMwBGAAAAAAC7qJY7ZJJBT5IP79n-R0j-BwCJ1AznZ0-uRrG_5NNdUHgAAABL8we5AACJ1AznZ0-uRrG_5NNdUHgAAABL8xV0AAA=,"FW: Wipak Purchase Order 4500297688, 500009, 08.01.202 // 1486372",2026-02-12T10:24:53Z,ROBONA_SENT,,2026-05-08 10:01:27,2026-07-27 12:15:17,,,,,1,,,
AAMkAGEzNTJjNTY1LTAxZjctNGU1My04ZDFkLTBkMTJlZGE0YTUzMwBGAAAAAAC7qJY7ZJJBT5IP79n-R0j-BwCJ1AznZ0-uRrG_5NNdUHgAAABL8we5AACJ1AznZ0-uRrG_5NNdUHgAAABL8xVyAAA=,MOLEX PO,2026-03-16T08:37:46Z,ARCHIVED,,2026-05-08 10:01:26,2026-05-08 10:40:14,,,,,1,,,
AAMkAGEzNTJjNTY1LTAxZjctNGU1My04ZDFkLTBkMTJlZGE0YTUzMwBGAAAAAAC7qJY7ZJJBT5IP79n-R0j-BwCJ1AznZ0-uRrG_5NNdUHgAAABL8we5AACJ1AznZ0-uRrG_5NNdUHgAAABL8xVzAAA=,WIPAK PO,2026-03-16T08:34:19Z,PENDING_STAGE2,,2026-05-08 10:01:26,2026-06-14 15:54:16,,,,,1,,,
AAMkAGEzNTJjNTY1LTAxZjctNGU1My04ZDFkLTBkMTJlZGE0YTUzMwBGAAAAAAC7qJY7ZJJBT5IP79n-R0j-BwCJ1AznZ0-uRrG_5NNdUHgAAABL8we5AACJ1AznZ0-uRrG_5NNdUHgAAABL8xVwAAA=,MOLEX3,2026-03-17T12:23:48Z,ARCHIVED,,2026-05-08 10:01:25,2026-05-08 10:40:14,,,,,1,,,
AAMkAGEzNTJjNTY1LTAxZjctNGU1My04ZDFkLTBkMTJlZGE0YTUzMwBGAAAAAAC7qJY7ZJJBT5IP79n-R0j-BwCJ1AznZ0-uRrG_5NNdUHgAAABL8we5AACJ1AznZ0-uRrG_5NNdUHgAAABL8xVxAAA=,PO MOLEX2,2026-03-16T08:38:10Z,PENDING_STAGE2,,2026-05-08 10:01:25,2026-07-10 08:18:46,,,,,1,,,
AAMkAGEzNTJjNTY1LTAxZjctNGU1My04ZDFkLTBkMTJlZGE0YTUzMwBGAAAAAAC7qJY7ZJJBT5IP79n-R0j-BwCJ1AznZ0-uRrG_5NNdUHgAAABL8we5AACJ1AznZ0-uRrG_5NNdUHgAAABL8xVvAAA=,WG: Bestellung Nr. BE26-00273 vom 13.04.26; 1523882 ,2026-05-05T09:30:08Z,PENDING_STAGE2,,2026-05-08 10:01:24,2026-07-10 08:18:46,,,,,1,,,
AAMkAGEzNTJjNTY1LTAxZjctNGU1My04ZDFkLTBkMTJlZGE0YTUzMwBGAAAAAAC7qJY7ZJJBT5IP79n-R0j-BwCJ1AznZ0-uRrG_5NNdUHgAAABL8we5AACJ1AznZ0-uRrG_5NNdUHgAAABL8xVtAAA=,WG: Bestellung BE-26-00859; 1519744; 1519746; 1519747; 1519748; 1519750 ,2026-05-05T09:30:44Z,ROBONA_SENT,,2026-05-08 10:01:23,2026-07-27 12:15:15,,,,,1,,,
AAMkAGEzNTJjNTY1LTAxZjctNGU1My04ZDFkLTBkMTJlZGE0YTUzMwBGAAAAAAC7qJY7ZJJBT5IP79n-R0j-BwCJ1AznZ0-uRrG_5NNdUHgAAABL8we5AACJ1AznZ0-uRrG_5NNdUHgAAABL8xVuAAA=,"WG: SÜDPACK-Bestellung 4690661, vom 01.04.2026  1519010",2026-05-05T09:30:29Z,PENDING_STAGE2,,2026-05-08 10:01:23,2026-07-10 08:18:46,,,,,1,,,
AAMkAGEzNTJjNTY1LTAxZjctNGU1My04ZDFkLTBkMTJlZGE0YTUzMwBGAAAAAAC7qJY7ZJJBT5IP79n-R0j-BwCJ1AznZ0-uRrG_5NNdUHgAAABL8we5AACJ1AznZ0-uRrG_5NNdUHgAAABL8xVsAAA=,WG: Bestellung BE-26-00858; 1519728; 1519731; 1519732; 1519733; 1519734; 1519736; 1519738; 1519739; 1519740; 1519742 ,2026-05-05T09:30:52Z,ROBONA_SENT,,2026-05-08 10:01:22,2026-07-27 12:15:13,,,,,1,,,
AAMkAGEzNTJjNTY1LTAxZjctNGU1My04ZDFkLTBkMTJlZGE0YTUzMwBGAAAAAAC7qJY7ZJJBT5IP79n-R0j-BwCJ1AznZ0-uRrG_5NNdUHgAAABL8we5AACJ1AznZ0-uRrG_5NNdUHgAAABL8xVqAAA=,FW: New Orders 1368568  - 1517105   & 1368569 :   1517106  TBO 1517107   mai !!  ABB Cable UK,2026-05-05T09:42:24Z,PENDING_STAGE2,,2026-05-08 10:01:21,2026-07-10 08:18:46,,,,,1,,,
AAMkAGEzNTJjNTY1LTAxZjctNGU1My04ZDFkLTBkMTJlZGE0YTUzMwBGAAAAAAC7qJY7ZJJBT5IP79n-R0j-BwCJ1AznZ0-uRrG_5NNdUHgAAABL8we5AACJ1AznZ0-uRrG_5NNdUHgAAABL8xVrAAA=,FW: New Order 1371761   juni 1523998  TBO,2026-05-05T09:41:33Z,PENDING_STAGE2,,2026-05-08 10:01:21,2026-07-10 08:18:46,,,,,1,,,
AAMkAGEzNTJjNTY1LTAxZjctNGU1My04ZDFkLTBkMTJlZGE0YTUzMwBGAAAAAAC7qJY7ZJJBT5IP79n-R0j-BwCJ1AznZ0-uRrG_5NNdUHgAAABL8we5AACJ1AznZ0-uRrG_5NNdUHgAAABL8xVoAAA=,FW: Purchase order. Our order number 41204 [Order],2026-05-05T11:01:18Z,PENDING_STAGE2,,2026-05-08 10:01:20,2026-07-10 08:18:46,,,,,1,,,
AAMkAGEzNTJjNTY1LTAxZjctNGU1My04ZDFkLTBkMTJlZGE0YTUzMwBGAAAAAAC7qJY7ZJJBT5IP79n-R0j-BwCJ1AznZ0-uRrG_5NNdUHgAAABL8we5AACJ1AznZ0-uRrG_5NNdUHgAAABL8xVpAAA=,Ergotech orders,2026-05-05T10:28:53Z,PENDING_STAGE2,,2026-05-08 10:01:20,2026-06-14 15:54:14,,,,,1,,,
AAMkAGEzNTJjNTY1LTAxZjctNGU1My04ZDFkLTBkMTJlZGE0YTUzMwBGAAAAAAC7qJY7ZJJBT5IP79n-R0j-BwCJ1AznZ0-uRrG_5NNdUHgAAABL8we5AACJ1AznZ0-uRrG_5NNdUHgAAABL8xVmAAA=,FW: PO Parker,2026-05-05T13:48:10Z,PENDING_STAGE2,,2026-05-08 10:01:19,2026-06-14 15:54:12,,,,,1,,,
AAMkAGEzNTJjNTY1LTAxZjctNGU1My04ZDFkLTBkMTJlZGE0YTUzMwBGAAAAAAC7qJY7ZJJBT5IP79n-R0j-BwCJ1AznZ0-uRrG_5NNdUHgAAABL8we5AACJ1AznZ0-uRrG_5NNdUHgAAABL8xVnAAA=,FW: Purchase order. Our order number 41246 [Order],2026-05-05T13:09:50Z,PENDING_STAGE2,,2026-05-08 10:01:19,2026-07-10 08:18:46,,,,,1,,,
AAMkAGEzNTJjNTY1LTAxZjctNGU1My04ZDFkLTBkMTJlZGE0YTUzMwBGAAAAAAC7qJY7ZJJBT5IP79n-R0j-BwCJ1AznZ0-uRrG_5NNdUHgAAABL8we5AACJ1AznZ0-uRrG_5NNdUHgAAABL8xVlAAA=,FW: Purchase order. Our order number 41247 [Order],2026-05-05T14:21:58Z,PENDING_STAGE2,,2026-05-08 10:01:18,2026-07-10 08:18:46,,,,,1,,,
AQMkAGEzNTJjNTY1LTAxZjctNGU1My04ZDFkLTBkMTJlZGE0YTUzMwAARgAAA7uoljtkkkFPkg-v2f9HSP8HAInUDOdnT_5Gsb7k011QeAAAAwEMAAAAidQM52dP7kaxvuTTXVB4AAABSOjDVgAAAA==,FW: Purchase order. Our order number 41247 [Order],2026-05-05T14:21:58Z,PENDING_STAGE2,,2026-05-05 14:22:42,2026-07-10 08:18:46,,,,,1,,,
AQMkAGEzNTJjNTY1LTAxZjctNGU1My04ZDFkLTBkMTJlZGE0YTUzMwAARgAAA7uoljtkkkFPkg-v2f9HSP8HAInUDOdnT_5Gsb7k011QeAAAAwEMAAAAidQM52dP7kaxvuTTXVB4AAABSOjDVQAAAA==,FW: PO Parker,2026-05-05T13:48:10Z,PENDING_STAGE2,,2026-05-05 13:49:06,2026-06-14 15:54:12,,,,,1,,,
AQMkAGEzNTJjNTY1LTAxZjctNGU1My04ZDFkLTBkMTJlZGE0YTUzMwAARgAAA7uoljtkkkFPkg-v2f9HSP8HAInUDOdnT_5Gsb7k011QeAAAAwEMAAAAidQM52dP7kaxvuTTXVB4AAABSOjDVAAAAA==,FW: Purchase order. Our order number 41246 [Order],2026-05-05T13:09:50Z,PENDING_STAGE2,,2026-05-05 13:10:34,2026-07-10 08:18:46,,,,,1,,,
AQMkAGEzNTJjNTY1LTAxZjctNGU1My04ZDFkLTBkMTJlZGE0YTUzMwAARgAAA7uoljtkkkFPkg-v2f9HSP8HAInUDOdnT_5Gsb7k011QeAAAAwEMAAAAidQM52dP7kaxvuTTXVB4AAABSOjDUwAAAA==,FW: Purchase order. Our order number 41204 [Order],2026-05-05T11:01:18Z,PENDING_STAGE2,,2026-05-05 11:02:09,2026-07-10 08:18:46,,,,,1,,,
AQMkAGEzNTJjNTY1LTAxZjctNGU1My04ZDFkLTBkMTJlZGE0YTUzMwAARgAAA7uoljtkkkFPkg-v2f9HSP8HAInUDOdnT_5Gsb7k011QeAAAAwEMAAAAidQM52dP7kaxvuTTXVB4AAABSOjDUgAAAA==,Ergotech orders,2026-05-05T10:28:53Z,PENDING_STAGE2,,2026-05-05 10:29:10,2026-06-14 15:54:11,,,,,1,,,
AQMkAGEzNTJjNTY1LTAxZjctNGU1My04ZDFkLTBkMTJlZGE0YTUzMwAARgAAA7uoljtkkkFPkg-v2f9HSP8HAInUDOdnT_5Gsb7k011QeAAAAwEMAAAAidQM52dP7kaxvuTTXVB4AAABSOjDUQAAAA==,FW: New Orders 1368568  - 1517105   & 1368569 :   1517106  TBO 1517107   mai !!  ABB Cable UK,2026-05-05T09:42:24Z,PENDING_STAGE2,,2026-05-05 09:46:23,2026-07-10 08:18:46,,,,,1,,,
AQMkAGEzNTJjNTY1LTAxZjctNGU1My04ZDFkLTBkMTJlZGE0YTUzMwAARgAAA7uoljtkkkFPkg-v2f9HSP8HAInUDOdnT_5Gsb7k011QeAAAAwEMAAAAidQM52dP7kaxvuTTXVB4AAABSOjDUAAAAA==,FW: New Order 1371761   juni 1523998  TBO,2026-05-05T09:41:33Z,PENDING_STAGE2,,2026-05-05 09:42:24,2026-07-10 08:18:46,,,,,1,,,
AQMkAGEzNTJjNTY1LTAxZjctNGU1My04ZDFkLTBkMTJlZGE0YTUzMwAARgAAA7uoljtkkkFPkg-v2f9HSP8HAInUDOdnT_5Gsb7k011QeAAAAwEMAAAAidQM52dP7kaxvuTTXVB4AAABSOjDTQAAAA==,"WG: SÜDPACK-Bestellung 4690661, vom 01.04.2026  1519010",2026-05-05T09:30:29Z,PENDING_STAGE2,,2026-05-05 09:37:51,2026-07-10 08:18:46,,,,,1,,,
AQMkAGEzNTJjNTY1LTAxZjctNGU1My04ZDFkLTBkMTJlZGE0YTUzMwAARgAAA7uoljtkkkFPkg-v2f9HSP8HAInUDOdnT_5Gsb7k011QeAAAAwEMAAAAidQM52dP7kaxvuTTXVB4AAABSOjDTgAAAA==,WG: Bestellung BE-26-00859; 1519744; 1519746; 1519747; 1519748; 1519750 ,2026-05-05T09:30:44Z,ROBONA_SENT,,2026-05-05 09:35:19,2026-07-27 12:15:12,,,,,1,,,
AQMkAGEzNTJjNTY1LTAxZjctNGU1My04ZDFkLTBkMTJlZGE0YTUzMwAARgAAA7uoljtkkkFPkg-v2f9HSP8HAInUDOdnT_5Gsb7k011QeAAAAwEMAAAAidQM52dP7kaxvuTTXVB4AAABSOjDTwAAAA==,WG: Bestellung BE-26-00858; 1519728; 1519731; 1519732; 1519733; 1519734; 1519736; 1519738; 1519739; 1519740; 1519742 ,2026-05-05T09:30:52Z,ROBONA_SENT,,2026-05-05 09:32:49,2026-07-27 12:15:10,,,,,1,,,
AQMkAGEzNTJjNTY1LTAxZjctNGU1My04ZDFkLTBkMTJlZGE0YTUzMwAARgAAA7uoljtkkkFPkg-v2f9HSP8HAInUDOdnT_5Gsb7k011QeAAAAwEMAAAAidQM52dP7kaxvuTTXVB4AAABSOjDTAAAAA==,WG: Bestellung Nr. BE26-00273 vom 13.04.26; 1523882 ,2026-05-05T09:30:08Z,PENDING_STAGE2,,2026-05-05 09:30:17,2026-07-10 08:18:46,,,,,1,,,
AQMkAGEzNTJjNTY1LTAxZjctNGU1My04ZDFkLTBkMTJlZGE0YTUzMwAARgAAA7uoljtkkkFPkg-v2f9HSP8HAInUDOdnT_5Gsb7k011QeAAAAwEMAAAAidQM52dP7kaxvuTTXVB4AAABKaJG0AAAAA==,MOLEX3,2026-03-17T12:23:48Z,ARCHIVED,,2026-03-17 12:29:45,2026-05-08 10:40:14,,,,,1,,,
AQMkAGEzNTJjNTY1LTAxZjctNGU1My04ZDFkLTBkMTJlZGE0YTUzMwAARgAAA7uoljtkkkFPkg-v2f9HSP8HAInUDOdnT_5Gsb7k011QeAAAAwEMAAAAidQM52dP7kaxvuTTXVB4AAABKOKL4wAAAA==,WIPAK PO,2026-03-16T08:34:19Z,PENDING_STAGE2,,2026-03-16 09:07:46,2026-06-14 15:54:09,,,,,1,,,
AQMkAGEzNTJjNTY1LTAxZjctNGU1My04ZDFkLTBkMTJlZGE0YTUzMwAARgAAA7uoljtkkkFPkg-v2f9HSP8HAInUDOdnT_5Gsb7k011QeAAAAwEMAAAAidQM52dP7kaxvuTTXVB4AAABKOKL5AAAAA==,MOLEX PO,2026-03-16T08:37:46Z,ARCHIVED,,2026-03-16 09:07:43,2026-05-08 10:40:14,,,,,1,,,
AQMkAGEzNTJjNTY1LTAxZjctNGU1My04ZDFkLTBkMTJlZGE0YTUzMwAARgAAA7uoljtkkkFPkg-v2f9HSP8HAInUDOdnT_5Gsb7k011QeAAAAwEMAAAAidQM52dP7kaxvuTTXVB4AAABKOKL5QAAAA==,PO MOLEX2,2026-03-16T08:38:10Z,PENDING_STAGE2,,2026-03-16 09:07:38,2026-07-10 08:18:46,,,,,1,,,
AQMkAGEzNTJjNTY1LTAxZjctNGU1My04ZDFkLTBkMTJlZGE0YTUzMwAARgAAA7uoljtkkkFPkg-v2f9HSP8HAInUDOdnT_5Gsb7k011QeAAAAwEMAAAAidQM52dP7kaxvuTTXVB4AAABFAY7nAAAAA==,"FW: Molex, LLC sent a new Purchase Order 1014458377",2026-02-12T10:13:51Z,PENDING_STAGE2,,2026-03-11 08:15:15,2026-07-10 08:18:46,,,,,1,,,
AQMkAGEzNTJjNTY1LTAxZjctNGU1My04ZDFkLTBkMTJlZGE0YTUzMwAARgAAA7uoljtkkkFPkg-v2f9HSP8HAInUDOdnT_5Gsb7k011QeAAAAwEMAAAAidQM52dP7kaxvuTTXVB4AAABFAY7nQAAAA==,"FW: Molex, LLC sent a new Purchase Order 1014253006",2026-02-12T10:15:02Z,PENDING_STAGE2,,2026-03-11 08:15:05,2026-07-10 08:18:46,,,,,1,,,
AQMkAGEzNTJjNTY1LTAxZjctNGU1My04ZDFkLTBkMTJlZGE0YTUzMwAARgAAA7uoljtkkkFPkg-v2f9HSP8HAInUDOdnT_5Gsb7k011QeAAAAwEMAAAAidQM52dP7kaxvuTTXVB4AAABFAY7ngAAAA==,"FW: Molex, LLC sent a new Purchase Order 1014340779",2026-02-12T10:15:20Z,PENDING_STAGE2,,2026-03-11 08:14:55,2026-07-10 08:18:46,,,,,1,,,
AQMkAGEzNTJjNTY1LTAxZjctNGU1My04ZDFkLTBkMTJlZGE0YTUzMwAARgAAA7uoljtkkkFPkg-v2f9HSP8HAInUDOdnT_5Gsb7k011QeAAAAwEMAAAAidQM52dP7kaxvuTTXVB4AAABFAY7nwAAAA==,"FW: Molex, LLC sent a new Purchase Order 1014374731",2026-02-12T10:15:42Z,PENDING_STAGE2,,2026-03-11 08:14:45,2026-07-10 08:18:46,,,,,1,,,
AQMkAGEzNTJjNTY1LTAxZjctNGU1My04ZDFkLTBkMTJlZGE0YTUzMwAARgAAA7uoljtkkkFPkg-v2f9HSP8HAInUDOdnT_5Gsb7k011QeAAAAwEMAAAAidQM52dP7kaxvuTTXVB4AAABFAY7oAAAAA==,FW: 4504063626,2026-02-12T10:16:00Z,PENDING_STAGE2,,2026-03-11 08:14:42,2026-07-10 08:18:46,,,,,1,,,
AQMkAGEzNTJjNTY1LTAxZjctNGU1My04ZDFkLTBkMTJlZGE0YTUzMwAARgAAA7uoljtkkkFPkg-v2f9HSP8HAInUDOdnT_5Gsb7k011QeAAAAwEMAAAAidQM52dP7kaxvuTTXVB4AAABFAY7oQAAAA==,FW: 4504066422,2026-02-12T10:16:14Z,PENDING_STAGE2,,2026-03-11 08:14:38,2026-07-10 08:18:46,,,,,1,,,
AQMkAGEzNTJjNTY1LTAxZjctNGU1My04ZDFkLTBkMTJlZGE0YTUzMwAARgAAA7uoljtkkkFPkg-v2f9HSP8HAInUDOdnT_5Gsb7k011QeAAAAwEMAAAAidQM52dP7kaxvuTTXVB4AAABFAY7ogAAAA==,FW: Molex PO,2026-02-12T10:16:36Z,PENDING_STAGE2,,2026-03-11 08:14:34,2026-06-14 15:54:06,,,,,1,,,
AQMkAGEzNTJjNTY1LTAxZjctNGU1My04ZDFkLTBkMTJlZGE0YTUzMwAARgAAA7uoljtkkkFPkg-v2f9HSP8HAInUDOdnT_5Gsb7k011QeAAAAwEMAAAAidQM52dP7kaxvuTTXVB4AAABFAY7owAAAA==,FW: 恩驊力 New Order 121080096837,2026-02-12T10:17:02Z,PENDING_STAGE2,,2026-03-11 08:14:30,2026-07-10 08:18:46,,,,,1,,,
AQMkAGEzNTJjNTY1LTAxZjctNGU1My04ZDFkLTBkMTJlZGE0YTUzMwAARgAAA7uoljtkkkFPkg-v2f9HSP8HAInUDOdnT_5Gsb7k011QeAAAAwEMAAAAidQM52dP7kaxvuTTXVB4AAABFAY7pAAAAA==,FW: ENVALIOR SINGAPORE PTE. LTD. New Order 121020125612,2026-02-12T10:18:26Z,PENDING_STAGE2,,2026-03-11 08:14:26,2026-07-10 08:18:46,,,,,1,,,
AQMkAGEzNTJjNTY1LTAxZjctNGU1My04ZDFkLTBkMTJlZGE0YTUzMwAARgAAA7uoljtkkkFPkg-v2f9HSP8HAInUDOdnT_5Gsb7k011QeAAAAwEMAAAAidQM52dP7kaxvuTTXVB4AAABFAY7pQAAAA==,FW: CD80079B Rel. 766,2026-02-12T10:18:59Z,PENDING_STAGE2,,2026-03-11 08:14:23,2026-07-10 08:18:46,,,,,1,,,
AQMkAGEzNTJjNTY1LTAxZjctNGU1My04ZDFkLTBkMTJlZGE0YTUzMwAARgAAA7uoljtkkkFPkg-v2f9HSP8HAInUDOdnT_5Gsb7k011QeAAAAwEMAAAAidQM52dP7kaxvuTTXVB4AAABFAY7pgAAAA==,FW: PH601610B Rel. 630,2026-02-12T10:19:24Z,PENDING_STAGE2,,2026-03-11 08:14:20,2026-07-10 08:18:46,,,,,1,,,
AQMkAGEzNTJjNTY1LTAxZjctNGU1My04ZDFkLTBkMTJlZGE0YTUzMwAARgAAA7uoljtkkkFPkg-v2f9HSP8HAInUDOdnT_5Gsb7k011QeAAAAwEMAAAAidQM52dP7kaxvuTTXVB4AAABFAY7pwAAAA==,"FW: SÜDPACK-Bestellung 4682803, vom 05.02.2026  1497458",2026-02-12T10:20:43Z,ROBONA_SENT,,2026-03-11 08:14:15,2026-07-27 12:15:08,,,,,1,,,
AQMkAGEzNTJjNTY1LTAxZjctNGU1My04ZDFkLTBkMTJlZGE0YTUzMwAARgAAA7uoljtkkkFPkg-v2f9HSP8HAInUDOdnT_5Gsb7k011QeAAAAwEMAAAAidQM52dP7kaxvuTTXVB4AAABFAY7qAAAAA==,"SÜDPACK-Bestellung4674421,vom26.11.2025_20260212081032.720_X",2026-02-12T10:21:05Z,ARCHIVED,,2026-03-11 08:14:10,2026-05-08 10:40:14,,,,,1,,,
AQMkAGEzNTJjNTY1LTAxZjctNGU1My04ZDFkLTBkMTJlZGE0YTUzMwAARgAAA7uoljtkkkFPkg-v2f9HSP8HAInUDOdnT_5Gsb7k011QeAAAAwEMAAAAidQM52dP7kaxvuTTXVB4AAABFAY7qQAAAA==,FW: Bestellung BE-26-00192/ 1489480 / 1489482 / 1489484 / 1489485 / 1489486 / 1489488 / 1489492 / 1489493 ,2026-02-12T10:21:50Z,PENDING_STAGE2,,2026-03-11 08:14:05,2026-07-10 08:18:46,,,,,1,,,
AQMkAGEzNTJjNTY1LTAxZjctNGU1My04ZDFkLTBkMTJlZGE0YTUzMwAARgAAA7uoljtkkkFPkg-v2f9HSP8HAInUDOdnT_5Gsb7k011QeAAAAwEMAAAAidQM52dP7kaxvuTTXVB4AAABFAY7qgAAAA==,FW: Bestellung BE-25-02803 / 1475444/ 1475451/ 1475454,2026-02-12T10:22:07Z,PENDING_STAGE2,,2026-03-11 08:13:58,2026-07-10 08:18:46,,,,,1,,,
AQMkAGEzNTJjNTY1LTAxZjctNGU1My04ZDFkLTBkMTJlZGE0YTUzMwAARgAAA7uoljtkkkFPkg-v2f9HSP8HAInUDOdnT_5Gsb7k011QeAAAAwEMAAAAidQM52dP7kaxvuTTXVB4AAABFAY7qwAAAA==,FW: MF>>WG: Bestellung BE-25-01212,2026-02-12T10:22:23Z,PENDING_STAGE2,,2026-03-11 08:13:51,2026-07-10 08:18:46,,,,,1,,,
AQMkAGEzNTJjNTY1LTAxZjctNGU1My04ZDFkLTBkMTJlZGE0YTUzMwAARgAAA7uoljtkkkFPkg-v2f9HSP8HAInUDOdnT_5Gsb7k011QeAAAAwEMAAAAidQM52dP7kaxvuTTXVB4AAABFAY7rAAAAA==,FW: Bestellung Nr. BE25-00880 vom 31.12.25 // 1486176,2026-02-12T10:23:05Z,PENDING_STAGE2,,2026-03-11 08:13:44,2026-07-10 08:18:46,,,,,1,,,
AQMkAGEzNTJjNTY1LTAxZjctNGU1My04ZDFkLTBkMTJlZGE0YTUzMwAARgAAA7uoljtkkkFPkg-v2f9HSP8HAInUDOdnT_5Gsb7k011QeAAAAwEMAAAAidQM52dP7kaxvuTTXVB4AAABFAY7rQAAAA==,FW: Bestellung Nr. BE26-00030 vom 15.01.26 // 1489130,2026-02-12T10:23:22Z,PENDING_STAGE2,,2026-03-11 08:13:40,2026-07-10 08:18:46,,,,,1,,,
AQMkAGEzNTJjNTY1LTAxZjctNGU1My04ZDFkLTBkMTJlZGE0YTUzMwAARgAAA7uoljtkkkFPkg-v2f9HSP8HAInUDOdnT_5Gsb7k011QeAAAAwEMAAAAidQM52dP7kaxvuTTXVB4AAABFAY7rgAAAA==,BestellungBE25-00614_20260211164808.475_X,2026-02-12T10:23:46Z,ARCHIVED,,2026-03-11 08:13:36,2026-05-08 10:40:14,,,,,1,,,
AQMkAGEzNTJjNTY1LTAxZjctNGU1My04ZDFkLTBkMTJlZGE0YTUzMwAARgAAA7uoljtkkkFPkg-v2f9HSP8HAInUDOdnT_5Gsb7k011QeAAAAwEMAAAAidQM52dP7kaxvuTTXVB4AAABFAY7rwAAAA==,"FW: Wipak Purchase Order 4500297688, 500009, 08.01.202 // 1486372",2026-02-12T10:24:53Z,ROBONA_SENT,,2026-03-11 08:13:30,2026-07-27 12:15:06,,,,,1,,,
AQMkAGEzNTJjNTY1LTAxZjctNGU1My04ZDFkLTBkMTJlZGE0YTUzMwAARgAAA7uoljtkkkFPkg-v2f9HSP8HAInUDOdnT_5Gsb7k011QeAAAAwEKAAAAidQM52dP7kaxvuTTXVB4AAABF07BQwAAAA==,Fw: Bestellung Nr. BE26-00030 vom 15.01.26 // 1489130,2026-02-18T05:43:43Z,PENDING_STAGE2,,2026-03-11 08:13:26,2026-07-10 08:18:46,,,,,1,,,
